dpm,thickness_mm
0.0625787976061797,0.151450143399163
0.0542646081242439,0.104586406553678
0.0617588526871679,0.290548425624437
0.0627109116289,0.53080368498217
0.0653492210685408,0.263150139504896
0.0986171081200159,0.305792689164603
0.0528201272257788,0.102986622292672
0.0585250249954693,0.307164914380932
0.14776006639425,0.874594319646891
0.0899967727021084,0.709243051008677
0.0590997488770365,0.536987863413564
0.0585850310721774,0.128450580670896
0.0722359794438273,0.783256793328578
0.078021845558495,0.719704547928766
0.0668354029836436,0.146246882656516
0.083041324640873,0.428878241806562
0.0539519045955441,0.104829523757067
0.0516252139630651,0.130839015852385
0.0944716482658239,0.207189294507926
0.0536611326234648,0.143850808344409
0.0836712766309886,0.574089479369232
0.0645520522083636,0.65807494760251
0.0596402958156133,0.221118200305484
0.0530086471114602,0.208352538851789
0.0625320883815216,0.129318670776613
0.0776367135617312,0.121325794319823
0.0572361668481426,0.516090584223705
0.0886370845643898,0.39768883297954
0.0550188237258159,0.113677281589473
0.0717495922322485,0.301854240766842
0.0671545213647923,0.252160165372893
0.081390630533352,0.704658990879972
0.0726571038548025,0.522214804104157
0.086161967394988,0.400003739342781
0.0643344206616897,0.356766297654358
0.16451929339213,0.889410797993284
0.122817021250864,0.969780239028027
0.0989581738269573,0.217798081373077
0.0614152143067944,0.173729943755832
0.0734289864500706,0.625800281242986
0.0585479808006815,0.115794099790245
0.0744883318502381,0.231534462890291
0.0576881941622722,0.117495924453548
0.0534195231257427,0.208625652047025
0.0565450212504942,0.117593304613797
0.0559933591409494,0.195102874106107
0.0830613835144111,0.616738589832817
0.0732065560363212,0.804267132103028
0.0826357052413194,0.62032800077693
0.0707845045189019,0.364601717520988
0.0712954681175326,0.413064987980402
0.0737834977534971,0.229870659702915
0.0550080334578451,0.147508585542024
0.0716206237404274,0.273049215856445
0.0735818527161183,0.540536887223073
0.0578179958991328,0.115581313034853
0.0552812997579906,0.104889732753178
0.0623167947648574,0.589587227206432
0.0541050860488078,0.199504184593608
0.0908101616544917,0.502532640198831
0.091007690057489,0.542834849142451
0.0669165491948639,0.856849656941306
0.058526722899821,0.251378675089823
0.0678586948019986,0.228264265406823
0.10528297761866,0.640570288448548
0.0598085955857132,0.581421512484781
0.0605043006191553,0.449381034747092
0.0828807048172222,0.647092809484333
0.0596024980870307,0.438747705977248
0.0759624931222628,0.906659158390721
0.0559755697891801,0.215712057612878
0.0670158000827092,0.547334246767167
0.0815266396505081,0.89090891695687
0.0566861818608268,0.215955442782686
0.087658410370987,0.40891401598172
0.0628976636943488,0.232097342359617
0.0606416173264037,0.289427831939314
0.0588594056389148,0.118850768184568
0.0557671623110272,0.104554652347429
0.0708976129430284,0.57497566943419
0.0564456128491435,0.283634571303752
0.0695648459390834,0.419598577934985
0.0656149653085515,0.549479529618308
0.0619327764796329,0.262218561264506
0.0763726169795615,0.233140447139413
0.0551069180330881,0.1475804433178
0.0772838282573712,0.622117483572209
0.118830135912309,0.68082800027434
0.0684300537413288,0.542266764423833
0.159291932835032,0.750403031800039
0.0698300629982042,0.444689056594048
0.0767289108946414,0.496667994497338
0.0646132746445598,0.15596174304582
0.0829544574647341,0.5856420267488
0.0651409958065134,0.215815629969243
0.0880343766729161,0.274131666381564
0.0649932100076236,0.208386816361228
0.068523132329683,0.370074932780686
0.0801877062159976,0.455713979722087
0.0688140337423844,0.376321075334833
0.0642736998805474,0.208059329215958
0.0592774776646493,0.165197463707422
0.0904615627491079,0.69974294884727
0.0571339754498263,0.200523228261982
0.0607035631213442,0.274296755666965
0.0527842052151383,0.123428254387457
0.0542607994718666,0.199976595213069
0.0528414772659445,0.121813327303823
0.0622174134190502,0.220654763254519
0.0824625779505152,0.51203661489744
0.107520206239231,0.941820752747504
0.0649530291938461,0.421914877880489
0.0593262206981405,0.185910337882735
0.0610502633110411,0.453637351479989
0.0554551555826439,0.423640838732754
0.0608293331859103,0.669348399194664
0.063591011829918,0.341738557485404
0.1267899820176,0.814932550148607
0.0617136017494308,0.260317682474761
0.064997058324109,0.1932167040444
0.0814883246492311,0.33037543014585
0.142763739508099,0.836469747046085
0.0903251374098632,0.529555231268565
0.0608382420606347,0.311826486355535
0.0690360337961965,0.314410001565806
0.0632115512553514,0.445371270145528
0.0619640627423548,0.28039557805912
0.0759417607772254,0.355336214160074
0.0747680223154625,0.93578311281989
0.147552514764323,0.855881657259669
0.0776363464720506,0.692923723406982
0.0558502758183561,0.133982556769276
0.125282594941114,0.360181254081634
0.0658866526450074,0.232502277295686
0.0794999767233506,0.816197921116378
0.0650884781522298,0.205910812890388
0.114477776792444,0.852640431061797
0.0561044411058045,0.173119544698181
0.0600857922872953,0.263263575195811
0.126801399847305,0.911932402795348
0.0616600092186154,0.393991353066224
0.107578752944923,0.855359378793344
0.0609680898297687,0.345820147651862
0.0592700669139913,0.169058443512199
0.0767965989545248,0.516372279876503
0.0614373319833196,0.332333017910332
0.0828383596579926,0.320238224042163
0.0628071193354011,0.136925556048771
0.0543880903733583,0.139610943439204
0.0723117838846911,0.850364486025746
0.100541005937291,0.903770713596741
0.0944518011232047,0.924551051155991
0.0776597679737607,0.227923571361124
0.075984903147126,0.111139952078805
0.0713791805751166,0.358036475108962
0.0841533749998192,0.544890795602287
0.0777691804562806,0.44467884931073
0.0567195296144076,0.112962123842428
0.0596820175742998,0.170955403597658
0.0772641981000397,0.508024033895811
0.0626931082559988,0.113523254255596
0.110375339626261,0.702258455736252
0.108887540787407,0.975171862214207
0.0548453031979261,0.176929252418234
0.05665610172073,0.113270105359604
0.116209087168027,0.954318423899605
0.0647090888920149,0.585081390165819
0.0636111602550016,0.284575691694575
0.0579318576570196,0.300785322622955
0.0682723743421807,0.823195531103897
0.06627007852611,0.226897692831903
0.0594386599285422,0.113026382733919
0.0627707176749755,0.411121632525603
0.0532086642586161,0.205373667787007
0.0610962466395557,0.48035138030469
0.0719262990194748,0.887053941076108
0.0808371383586717,0.229392850659181
0.0658305005010889,0.176603030882755
0.0535487191574537,0.112967070884253
0.0708715314843281,0.67867201199465
0.0563205200432954,0.119778758605266
0.139354048740375,0.895726618223137
0.0848396444428889,0.508332208344079
0.0831796389048592,0.815704478553169
0.126861623703959,0.652290225801375
0.0581444202934348,0.155139223307839
0.0645081713431638,0.149935158026945
0.0994115230406815,0.914929797073942
0.0544520919814277,0.195451035561153
0.0792521923898282,0.617466678568036
0.0649868520897315,0.148180190177144
0.0623704323885186,0.199108697007045
0.0753824909997906,0.471509170350728
0.0586265817912948,0.177182033709153
0.0607234184214235,0.564764212827564
0.0968501290590284,0.757279260546156
0.058641255287717,0.20910886736914
0.0658332229474613,0.198933478365069
0.0546664429010409,0.106593975725341
0.0652847724286033,0.264642734057252
0.0549278490204896,0.116264353954674
0.0575635304356776,0.375539776786276
0.063654829420439,0.487456927634644
0.0648404797385484,0.370088705146774
0.0765817595040009,0.401537903739399
0.0635479587354923,0.39778655881085
0.151207824092335,0.799185193312693
0.0710944582552244,0.339648269266786
0.0767821891102092,0.726762796582147
0.0584858562728848,0.224890750571265
0.0537605138223619,0.138237504514888
0.0607034186457555,0.166677543443127
0.0637996504911504,0.62127240246066
0.0550741735922387,0.169700735201119
0.0575471647539971,0.592294564894068
0.112174290115805,0.799533808154638
0.063214756175426,0.350257296563109
0.0582959689485054,0.139066543682233
0.081148780555608,0.420239241045375
0.0746061157982097,0.239605723767051
0.249579295071275,0.809930852695465
0.0706413714472811,0.167354918428344
0.0559806800112379,0.171509630755168
0.0754429767475747,0.303641477202404
0.0632047372615605,0.311569087486571
0.0520079088885474,0.154086898732678
0.0836448730709362,0.236774849028001
0.0935135843701319,0.465769474323128
0.0574306111965456,0.295474529121823
0.0605059458215524,0.114741289873236
0.0599135235982087,0.260200133838648
0.0583171090313233,0.260501096624276
0.0560369247806409,0.280288175846055
0.0525019445226743,0.105642775821473
0.063732997873305,0.187928389426108
0.0734652567599335,0.89209532934436
0.120779768568436,0.763847687719245
0.0941080445618589,0.872386612547294
0.0748074731982991,0.573971202850193
0.056426240202076,0.271638962210543
0.0734341283563927,0.865972666857708
0.0629173493945761,0.199830177572631
0.109156533628096,0.391936634956645
0.0636381303357273,0.386753474331982
0.0590293551756482,0.275901450442303
0.0560766980712379,0.17797877539645
0.0674688190646356,0.214033675194653
0.0809620882016708,0.439459919512335
0.0592954271077562,0.192318732021428
0.0566760126486483,0.221919627093466
0.0619325430671152,0.225996978270601
0.0594387910215422,0.211254452147117
0.0665557548542728,0.673798706989417
0.118265592987846,0.351386712669456
0.0530570392056043,0.104320556327926
0.0856711563182451,0.551542051982684
0.0698393855194635,0.317811628023873
0.0696154025506855,0.601025961099836
0.0744242389157067,0.31229399649885
0.0601657298270201,0.204568025326628
0.0762067120504397,0.690698337395739
0.0595820636285557,0.149054476190651
0.0694810481402952,0.189791417645443
0.0772753743135549,0.304893301169322
0.0779559043425887,0.724221120413408
0.0594207704482052,0.130380313765889
0.0616609659477389,0.21811647498833
0.0580960609131565,0.340596498671516
0.0837842708750671,0.476814615296585
0.0564070577741837,0.127407228696525
0.114251432520814,0.56922456348224
0.0753799176790021,0.360513137522263
0.109307043631556,0.328960989454233
0.0568745498708983,0.240364575039073
0.0597850999521226,0.206370264184254
0.0750852327541753,0.777149587434477
0.0722142880853538,0.985771979920262
0.0672679433113129,0.149697609342788
0.054309968589058,0.162742573044952
0.065475734401085,0.464551743300734
0.0841253147726332,0.581517646844174
0.0642138313175818,0.665220778142362
0.055551178365091,0.200652944968202
0.0580397626203897,0.161845379623628
0.0555064801286716,0.118186873535537
0.0613663996610753,0.237865943846822
0.0576109761642062,0.365161292650113
0.0819223433223704,0.745678032440398
0.0583189696906628,0.107905707610881
0.054845430285751,0.122929273219427
0.0640528285987545,0.449930179501026
0.0846641807121196,0.469160087734372
0.0626405891262682,0.133085730257936
0.0614369223542526,0.124843433291275
0.0530278130427823,0.106653794924335
0.0985629214931808,0.445383449417494
0.0876348291011989,0.190483245244987
0.0560829714902747,0.174177860598767
0.0839594001186593,0.461901096038985
0.057549773675378,0.132129705427384
0.0656843487526277,0.343885018049933
0.0535826453221618,0.123289145246658
0.0582006232287653,0.116345451357666
0.0714964568691296,0.46615803348996
0.0747790481265152,0.61889144404881
0.0652128653030752,0.290019879691118
0.0733992952800678,0.252432959087172
0.0725271209150429,0.502977778649272
0.0530839085342608,0.119135551044285
0.0621605998998597,0.1897941731998
0.0991232216466817,0.804021030779162
0.0780759992905748,0.889110638815942
0.0554969910615451,0.109243622351782
0.0530224492103165,0.100708035083574
0.0998988055783707,0.58598179297537
0.0632594770018697,0.283059852611611
0.0882152973395874,0.578669318267645
0.0685575799307121,0.439524470691222
0.106588404924901,0.2805216535632
0.0585370125285904,0.512838906548934
0.0686987339035825,0.402278886439918
0.0637901870531957,0.103685030097743
0.0641589556376559,0.292496394527286
0.0724306845489242,0.762087168731088
0.0781671942305663,0.602954365940724
0.0612703835502594,0.451781164607716
0.0765101502048708,0.41838752178511
0.0560051815124173,0.655559867645515
0.0642152255455807,0.195588114276295
0.0766338951679726,0.24780219090763
0.0611125558075701,0.427224613699424
0.0775583829953774,0.662149083273797
0.0720101376749675,0.209598744654245
0.0633217504196342,0.147393425945995
0.0704367662554485,0.187178636490382
0.0742770823227712,0.274774454070834
0.0636995943989788,0.125447779331683
0.0670135782729779,0.424947726580506
0.0967536707157321,0.78791619549683
0.0638151936243,0.219886118073065
0.0562804360002745,0.904438292969698
0.0610279461078232,0.262801661810321
0.0625562703472195,0.343355330315033
0.09192272985845,0.947830946090154
0.0606033826444878,0.512900938030899
0.0620394006832729,0.320264849354434
0.0762923340214858,0.568274301237491
0.0727446789764856,0.297376966912627
0.096735069103915,0.526712932075367
0.0571340873943267,0.166858785334059
0.0673473811164773,0.119370097731073
0.0599012049831729,0.39733536929582
0.0594004468375239,0.333951992799021
0.0771647481633418,0.288859154367862
0.0556872309248797,0.13106219255831
0.0731999896888774,0.860090128271916
0.055664649749805,0.129341663801502
0.0798273326238606,0.927822618017394
0.0603276414455854,0.208026713217218
0.0602048021423822,0.191350656832831
0.105172853874541,0.870941974605177
0.0945058834723372,0.913258386700037
0.0936080870196498,0.501951092454209
0.146365139570702,0.902059201543555
0.0691982719257576,0.149616011178709
0.0733990557428334,0.718855600537008
0.0687766760571043,0.415143982049098
0.0624640907318833,0.197496429654448
0.0799625035352703,0.394850425985405
0.0701992522376461,0.128614946755306
0.0980962874172932,0.619426527978495
0.0739352116666446,0.438406842915889
0.0587014512779722,0.127950140250446
0.0590984967639133,0.165828351760674
0.0554495710957111,0.195767838517272
0.0597788764682733,0.29765655564687
0.0602659674959102,0.170069388988258
0.0576647126945213,0.198408246454862
0.0815427152428735,0.356026895020284
0.0637535666894853,0.140276728509512
0.0948536555034886,0.566655805349254
0.0727906897471193,0.282207375163017
0.0595742880787841,0.255329841533997
0.0677636365416012,0.374524113009312
0.0865376043936984,0.143775328346725
0.094306588121755,0.778979743693618
0.0573739550538886,0.130364500875308
0.0687629216933192,0.352467109475157
0.0812582302766831,0.922455048973773
0.0582273247431835,0.137781607024468
0.121934867133005,0.499816180291735
0.150587058782483,0.944486183967128
0.0889224154886832,0.990440279296286
0.0597449533832482,0.222708714766033
0.0709055363519329,0.422438351154881
0.128707071620308,0.875741563681985
0.0642840333128585,0.421248044307051
0.0862339714271358,0.746139008439223
0.0976986383552977,0.498397122095528
0.0542216048323866,0.108868103728633
0.0740050576033927,0.221578593500009
0.0970096257686145,0.783118081630686
0.0832372940367399,0.294306978897897
0.0969327799347354,0.271625118326053
0.0602836788092478,0.201799535426323
0.0665708620136579,0.144456300062725
0.100089431961486,0.466523226095631
0.0732409954099787,0.248508339304119
0.0687757471461044,0.762264798128327
0.0598726827619993,0.110456215644802
0.0890532289493587,0.748771542494109
0.0655798808912217,0.123699892860454
0.0660983788257719,0.666067317595153
0.0620865889699445,0.287094627355417
0.0798162946142353,0.549762280996506
0.0801933449834098,0.282415046297013
0.0525764624913947,0.144057471767184
0.0840335707244741,0.887543527800695
0.0787494748758621,0.439013636270441
0.0564181557245871,0.163989848184934
0.0666526521664969,0.394924658939298
0.0548382750044124,0.162042716864953
0.0566815341472232,0.25231143350783
0.0659859503562689,0.393754004816099
0.0608622883494166,0.407631769868302
0.0589797838242776,0.12821464940283
0.054896805150136,0.155799805268273
0.0623998726887661,0.287242011169526
0.0613884220941831,0.328214305682316
0.081670265171514,0.719853759161601
0.0806953579147439,0.37733924399506
0.0588405447519677,0.647915598145936
0.0646731107594346,0.234264888983571
0.0669755412574781,0.154072700320017
0.0572701544297902,0.190410764568585
0.0614007804047492,0.105919163424627
0.0665679386695427,0.231276250942057
0.0690890088249264,0.43201654417321
0.0707369945660894,0.694979805818674
0.0647622527252744,0.171709113725898
0.0712519672519372,0.507886548460242
0.0693179894867703,0.565509031710423
0.0865007490039185,0.491155461588572
0.109818398868114,0.919133564874765
0.0716322927053304,0.380086787011895
0.0575232204245421,0.277687321264987
0.0707663753095038,0.344190415451089
0.0531274524677898,0.101102486598784
0.0552204489099559,0.10156001283397
0.0866553593223908,0.311602372037185
0.0661051949220204,0.238008792559324
0.0679252467154517,0.136452376854454
0.0622732834232952,0.226093158967642
0.0697627561344317,0.43798038267416
0.0848192972406748,0.33326159922996
0.0648781588848681,0.249118945488329
0.0999149273608603,0.588903690463359
0.055902851668293,0.113071716725894
0.212409312962314,0.769379083995329
0.0660979432967048,0.477674837427153
0.0609312510557011,0.262716308342002
0.101129658743262,0.491735606261195
0.0904112140141042,0.869446605710782
0.0544044042143061,0.451688261845747
0.0924490613683321,0.465954648077217
0.0837685933781043,0.503613263300994
0.116552704105343,0.823534725438872
0.0958591911854473,0.775042934207784
0.0568276248369108,0.190266758266705
0.0583259514729714,0.105300018252268
0.0581500843765314,0.189589884978306
0.0795593009069971,0.231220685858457
0.0533132452630127,0.176788678535335
0.0694661392347303,0.286617923597319
0.097517101190608,0.866937317407027
0.0602959102595117,0.154651417170332
0.0579577885024527,0.240713115958396
0.086833974436727,0.680834733569014
0.0557933691147631,0.135226722414856
0.0629280829381509,0.225101183206441
0.0581169970953489,0.35554350138997
0.0850872390046259,0.587980546191524
0.122739809683706,0.727515784680786
0.0531452423048929,0.180293519890578
0.0996022666939119,0.896087149142176
0.0672634161234291,0.272177528761745
0.0654470584781822,0.135198129508282
0.0586955209817506,0.14420445865896
0.0609382882008861,0.273758445348556
0.0716717751661163,0.648389369637532
0.0637216786862305,0.1172152922049
0.0608598842098869,0.165008127543755
0.0962389603648937,0.633489391151358
0.0812008886984746,0.665832986330379
0.0580442426922825,0.158498505832544
0.061233815789753,0.113822495703709
0.149385559251835,0.450851207399779
0.0661303461480743,0.622217648127927
0.0594666097979246,0.112142027221284
0.0731944451236611,0.333126777459365
0.10788931592412,1.25641403982172
0.122592428596489,2.63017920103859
0.126783551523937,1.1983765080911
0.113873448324939,1.23627098349844
0.118840419972402,2.38686833322272
0.167889572531994,4.59114920101272
0.14485415500218,1.04711485892459
0.0996204528974582,1.17348590252316
0.218262596401652,1.38408769512448
0.184976954064385,3.71061605028382
0.132895962175584,1.47215110582273
0.137410590261997,1.54929896156833
0.179171342655462,1.99579218042085
0.252774577681276,3.97084389973214
0.157797645514925,1.5699971727379
0.44753912132001,2.1365757078652
0.10700762065555,2.14776334714302
0.112119174592058,2.23458119609542
0.104079114700535,2.04946546620628
0.256950500579665,3.6537113147678
0.137021879385469,1.3794988454571
0.0917398586391873,2.25193964592347
0.104624266317223,1.23476148696508
0.166106755551924,4.06482555498709
0.1215062109259,1.98167973089423
0.28873897809034,4.98422650045263
0.246505773875747,2.90812282724103
0.0941124628310605,1.38881261214627
0.18491549698479,4.43034508177838
0.102610207747273,1.60403649157016
0.110688808708329,2.79397647140809
0.103854398366549,3.42644833078134
0.112665705213448,1.18086206701559
0.121576714644497,1.34493228769615
0.133890318628515,1.98717256020203
0.0840545722956277,1.78087044592168
0.177087759167093,1.66262126853748
0.0850940815587016,1.54477435190766
0.0807019393005492,1.7865841198919
0.136213103694175,4.85391116232557
0.193927959042311,2.09143414975786
0.19094814987687,2.08949213605495
0.201072860084811,1.4965668584687
0.140044701130302,1.35700057114282
0.180812825230453,1.51335159280546
0.247691602839926,4.15950373103435
0.24696781766254,4.16347693077848
0.0898003158977548,1.31627887753665
0.0970301708747782,1.8933267173553
0.458663384266879,2.54511323057636
0.293967775999456,2.43709170277224
0.0949715562514736,1.38287386011915
0.10796063543819,1.10445198969087
0.115997029035986,3.60431409418068
0.150469883942704,1.23239246036922
0.13282414944672,1.89602805689794
0.223289544069939,3.41049018559395
0.128556595335975,3.01304196536833
0.139451027044714,1.92940437675357
0.0986410191544806,3.61984735379206
0.218283754266234,4.94601672598532
0.194336930990537,2.16507762762292
0.180944984513187,4.15494535203864
0.309516884163289,2.31252884505445
0.127546759099396,1.86805555511971
0.248732148163124,4.91641860505313
0.0762303880915723,3.46417785089707
0.0886267355517,1.24357677889155
0.127113159654969,2.38898769391605
0.0952699381585227,1.84099668625908
0.169236009942322,2.21995478029872
0.235838428621139,3.37443351231168
0.067675472981076,1.72137030613977
0.129380798960623,2.63114891494584
0.0997554680838641,1.46729392008237
0.263059921943616,2.04061638548821
0.163253420714007,4.18338390393598
0.206756638498774,3.27390499017087
0.295972608864951,1.79330675594252
0.10272334517927,1.56484583133869
0.112909945965381,2.6392116231499
0.200639628748811,2.14793999728946
0.255809904283332,4.90077492269337
0.101042127252501,1.6104662318616
0.137568066914742,4.40165477348739
0.0761148876392049,1.45858661142071
0.193198208156213,3.63182806288887
0.169632145534895,4.02603500866749
0.0880880139403833,1.35532613449957
0.203747987347625,2.04280880504353
0.304592026179887,3.14026295316151
0.154349637666571,1.94081471599708
0.129360968189245,1.18876523306645
0.0876487095590038,3.43950087519137
0.0853536426597404,2.18846074001701
0.10463432402546,1.34572771543496
0.0904873490056917,1.08608019726849
0.103854188064059,2.31174706796447
0.0838016556044835,1.60071503061237
0.114907315055083,3.70226969499281
0.0845633329303362,1.28860094002653
0.094793457545875,1.02672898577538
0.200568019968491,4.3095950392342
0.069127773320734,1.95874214793826
0.178023286209116,3.95077858076647
0.149579605920498,2.50391099994514
0.108289459013425,4.12776997685336
0.305667521653807,4.52765485387786
0.106013621420647,1.14538384502981
0.148034452869932,1.56690851686772
0.147145834727121,1.3428237730987
0.134291683476062,4.66282482898538
0.144191970448289,3.05911741350728
0.244783871955008,4.43628160966287
0.217061577719346,4.88276665346039
0.169708741119243,3.57628682195484
0.173800382088322,4.08330131872024
0.138453451159886,4.54558700913152
0.211434854707797,2.66639418123768
0.126906331924697,3.74049940737646
0.244812610896087,4.7989080513481
0.177693924495437,2.13572396713098
0.0816869504521538,1.41737406297508
0.123576222212761,2.91805093101056
0.123984834314074,1.09329794821197
0.118548820260175,1.64539413034256
0.149966919575799,1.83374098583043
0.184913202194624,3.65261136689577
0.0928593580390036,1.03931605286176
0.137093154466179,1.67834053594155
0.130558276140098,1.6381266956238
0.178094620191659,2.90470742626238
0.155034968889531,4.09092521729011
0.128151309683268,2.16689121957448
0.25206900911662,3.88959881420943
0.0730729304220232,1.97278452099171
0.146705718698388,2.24471538881583
0.0996887421194637,1.67663118641858
0.116986112699425,1.37115022708473
0.142785477954284,4.19213676762328
0.0693893395765529,2.63651327441883
0.134376683557821,1.53985132874311
0.103646360460312,2.37988168353226
0.0825706025640041,1.91857223765204
0.0889147399565512,1.06109213696726
0.165545449829456,3.06910953408351
0.125229472872459,4.0424741000134
0.119014391203184,2.6637118332921
0.0655195197685699,1.2683470426652
0.0915932262881101,1.96431812086725
0.0717549656049183,1.38776733668283
0.128357592438694,1.31538852501385
0.120865045168139,1.60578706032056
0.195573474479331,4.22912222563823
0.15577716667852,3.88364804802303
0.154062086952613,3.58695741749676
0.254400393795417,4.45341053983654
0.078086678502141,1.18956808519071
0.188690656780448,1.4225442640627
0.0751598731854188,1.07232330768264
0.163036666328429,1.00670120039485
0.240147676841294,2.80662542252855
0.115820324267997,1.92994700682613
0.226215556944252,2.48483444621576
0.127871014872166,4.0481109957121
0.260074057841089,1.58612670408275
0.0783888115852177,1.48241421207901
0.136356897632958,3.75033936598673
0.148241746036203,1.04077095437047
0.274781196342535,4.43845136990899
0.0835208125342463,1.74801003375708
0.13071004539014,1.05526400544041
0.0828355862940016,1.41770216272284
0.081844496311519,1.13903115078701
0.169057870329057,3.89471598088863
0.10626552311627,1.09350153633929
0.119323941432077,1.08979838597995
0.193603986818471,2.69058821199583
0.0889437561815214,1.40205291756737
0.103034002750513,1.71336469709242
0.199534163344542,3.54497873398336
0.072394387175562,1.98311623151113
0.273896627478478,3.23455933997809
0.0572382671806234,1.57394482046045
0.136510491848501,1.23487642485808
0.0870598062022937,1.115704510655
0.155895749741194,3.85507226965573
0.0729328533870278,1.2171473356555
0.115851811893288,1.13473789285834
0.102935076606165,1.28759156312987
0.151304483509323,2.31489096548317
0.165016274518515,3.0279660139729
0.169060239576892,2.21492058423149
0.119259450076862,2.71605013866532
0.163984940050817,2.22601113387057
0.162915533134628,3.31353546504353
0.270956028649588,2.64151357130074
0.0671212771604781,1.32728620875836
0.0973675043114829,1.71728095090582
0.171311857827666,4.94631025767788
0.112709973534378,2.05874365586344
0.102069213285717,2.97531072831719
0.114724543007309,1.31984651486196
0.247646118167944,2.96739201811042
0.214037599884869,3.07524482403268
0.0822404455584835,1.29409613657409
0.106496479634879,4.54975309763573
0.0798298823064222,1.88627674638093
0.181221755574381,1.74556362346808
0.173384203208933,2.97753160655709
0.203241655317887,4.39751447824778
0.197482779252067,3.85389712304674
0.156767856457568,2.47086171492025
0.105946902319336,1.09139012298704
0.122665261162053,2.18578377317595
0.284126941408187,2.71581690714048
0.18449449290929,3.84388397695764
0.110789641747655,1.38454846803796
0.091367125632906,2.11601562313403
0.118471273262891,2.80627370187565
0.100386164822469,3.02716621458981
0.074370573469238,1.0774497585883
0.14678342754363,4.09485322759434
0.0837857969904672,1.2007044174135
0.128709958551089,3.95365142684114
0.129584247782596,4.0155159421255
0.250431792658928,2.68052866237742
0.18836111506167,2.38882786358564
0.114920047878754,1.75535645907691
0.1805029472425,1.86923185065665
0.382776554572221,4.40702000863472
0.15049082356831,2.88250653436258
0.143687722113364,2.11302235992978
0.17568610531383,1.78133147836154
0.154178106504322,4.96093674812722
0.198638278498902,4.50900540225696
0.270462343687762,4.42462229065952
0.249331432818915,4.43611553402267
0.0750530381462175,1.77565540052079
0.133625120960605,3.82706402756723
0.095029731410543,3.02797082509285
0.131185467096251,4.34623642570205
0.13543241309965,3.2669197264849
0.322382359994062,3.82193083549414
0.112945421421525,3.62516158436979
0.155741215629451,2.53764477225334
0.227842116575741,3.06807251940843
0.100369558607258,1.12940779180553
0.142853632850629,1.85717030425001
0.323221074322675,3.65144088122794
0.0839070373766339,1.16134409659886
0.0720227346654113,1.70107165022392
0.156487470807926,2.74005458563028
0.132111159552764,2.06364961535461
0.0861520373865425,1.12347729979693
0.167956720021074,1.31692810162044
0.152740972652905,2.92113150039439
0.174569035545602,2.41584912709703
0.186088319425238,2.57830047448467
0.115084463235502,4.30353336319563
0.128948319764701,4.48840901607275
0.0766023990426944,1.60495954724451
0.156195687674398,4.15475697474537
0.108242113031645,2.32167192848694
0.0770715825932045,2.81438590902529
0.07591606131748,1.17665640851822
0.113775630480835,1.90831804983568
0.194007969653208,4.60405291178868
0.357523403135801,4.53400972801681
0.128672118567042,1.95109627552484
0.104789579333257,1.4861956581573
0.298336914833157,4.68781022146328
0.127549061457193,2.24158853135842
0.123693955409473,4.59587176752798
0.119668508675334,1.05840710405702
0.16459407673398,2.602034983318
0.0860630141788673,1.57413490035212
0.0750314557018831,1.00631551537212
0.0970398069111053,2.19452483243045
0.335452882683451,4.60068181463787
0.0872775770914333,2.09234225278972
0.106508534196713,1.41013005125669
0.113213667968135,3.08043241510648
0.151442321744449,4.09360636495341
0.335770671130265,3.3965579609273
0.133199473054464,1.49568859338241
0.29525104394619,3.49917492378251
0.316600766522582,3.49618338485217
0.0984611175087536,2.0977556143991
0.197527090160551,3.37034671060865
0.106259499925064,1.06061814589128
0.0886756725278791,1.39205768597219
0.076274608159517,1.86563626563945
0.196912408791332,4.44658399299189
0.148192739246997,3.06457672734603
0.120542578495326,2.93309528915054
0.128693547861924,3.76156616823871
0.196140964622344,3.19780764808227
0.0802232686201513,1.10614949564825
0.153290668615936,4.20355285917967
0.182741789978298,3.41129101098057
0.0694367172425695,1.41471539719784
0.141256111620627,2.60465971199188
0.138895023277025,2.06941895399014
0.0922768928663545,1.0478395801466
0.203558991065789,3.6363047511026
0.0900204230113666,1.74010767007667
0.177995936484863,2.74575517310355
0.341898377884354,3.74660996797698
0.370124879073692,4.47180415416145
0.104020074525463,2.33370219986207
0.131555414233894,2.05799422606631
0.0852811172435979,1.01581266031534
0.145319232077613,1.19954811621921
0.0815529174334082,3.21836992622637
0.0641418574905674,1.34245256232128
0.127666547807436,2.33567303873267
0.244795697183345,1.30696490393295
0.259287232531639,3.58670872796837
0.0948111214385675,1.40275716320201
0.250500444955468,3.4573707748448
0.182510081544194,2.04511871850793
0.141817122865559,3.33940237558763
0.144991338185712,1.78221310347778
0.138854673834441,4.7257775246495
0.107105568111778,2.24576618825099
0.099087449604592,1.92258783113625
0.130674991764145,1.94973008259268
0.167461149019949,1.63167631200253
0.189928363244334,2.94935379325273
0.150553940687168,1.32275448062029
0.13910497437813,1.28145514672754
0.193113589085243,4.71624600498469
0.142965823889388,1.40187372892822
0.187383847444891,3.68582906435099
0.0828372876736234,1.14286727874366
0.0906694134756559,2.60330088892139
0.0818334637625118,1.18501507192024
0.121414028368745,1.78627544502717
0.0828122966979559,1.71277524628775
0.138269953085892,2.68175998181996
0.0753286940200425,1.00651236013648
0.108981699400713,1.56136332322037
0.177610256610765,3.40558595423469
0.18827144086417,3.39164183369551
0.180344793209105,3.56419545805002
0.0965898767173777,2.53053435336206
0.149554927629971,3.36667435202972
0.112064562802875,2.01334795512604
0.162622657722525,1.66111485915947
0.173615421546582,3.69295125634701
0.0700550588229618,1.89430750403101
0.0749656395517679,1.23773377155287
0.305620026087286,4.65230188577127
0.0963393810626703,1.229892725348
0.192021017299027,3.43565894536672
0.107015956597325,1.39930628513802
0.126474695564935,3.98107948376462
0.130464671622897,2.73056267710214
0.195422130106651,4.56811905481123
0.0793779271216215,2.64133182845804
0.311225801235083,3.87828312861171
0.102526173838926,2.2209891498443
0.240803603324938,4.19008632150005
0.1130373403414,1.9308465607219
0.199102028276378,4.45535194784023
0.111940373388324,2.82991275201932
0.204013400101765,4.39901184250543
0.062789593471711,1.07146269005934
0.0936121101972941,1.79921346851242
0.244751399365921,4.26832122433239
0.119790468901213,1.53886655787325
0.132343826238202,2.39852483201005
0.100700377684984,1.96436608878435
0.0663340592390246,1.01622094756408
0.109696019850549,1.06876666916318
0.197820635887125,2.2012646375317
0.0788530525966659,1.83842897051968
0.22952973491986,4.17317943618384
0.236592218301528,1.69325250002901
0.0767022245527361,1.28909416574682
0.0750278559311215,1.21255822419754
0.182116537130015,1.93826853643494
0.345707916222178,4.8791938000565
0.279519285147815,4.23931214128062
0.147303741956608,2.36656508310039
0.0870930057322813,2.30734105552343
0.0967415343949204,2.71699232272539
0.199543633026354,3.30697830995532
0.0905316293183762,1.09443347392601
0.487168198539398,4.52621864182344
0.0862497056621874,4.08934532205211
0.130525236881161,2.12019428262192
0.151586015280338,1.72171645803269
0.0995652131495315,2.34835203538248
0.135929514669935,2.24998400018983
0.12227044252861,1.66724827814989
0.117299084147311,1.2224451517574
0.268716412091303,3.21418754638425
0.28227350321866,4.18871208201916
0.114836099098181,2.84663676491647
0.0949232243197229,1.59562332964562
0.0938280815309642,2.01968087479626
0.0898397234241136,1.35284226482344
0.266971006402306,4.51834909972587
0.140164383769851,1.49682096691666
0.0890254227295039,1.76422069501007
0.154920211780919,2.83714839012508
0.154351731396085,3.27291636436036
0.105315047387956,2.06713123935441
0.0804593532513279,1.24789629769935
0.146636432620965,1.93436700326104
0.135260783606616,3.72168932329987
0.113393143289854,1.56854572171517
0.0729571741514452,1.9299110147677
0.115196948915014,1.55270046899312
0.121049550988026,1.81226102271657
0.0767916817786151,1.71612984315592
0.0907761654572243,2.15969438711714
0.184761097151341,3.79776442951072
0.24833606845659,3.72131408664709
0.132457389186467,1.32026727724318
0.108612189492322,1.46443893606514
0.198853791876391,1.73931915075507
0.245625641942231,2.98934147032587
0.204066964174898,3.2673542720194
0.15755119420874,3.26744747939744
0.126133321535247,1.41604213929305
0.0850160828401937,1.43192925747815
0.187952453648295,4.90084505451946
0.118324188960333,2.57646130939507
0.147145561182272,3.40808878035483
0.0969704683647372,1.38883885685754
0.155386868312733,2.70780590398653
0.164921535663989,1.60489243408685
0.159498665777385,2.18335503447025
0.105204180724079,2.04236847314854
0.174970510231461,3.98647229428499
0.101974185396907,1.78445425725602
0.18682608762906,3.28416811601033
0.0904533064918747,1.64270969092389
0.118316108486266,2.6493755946261
0.233216933875559,3.96724250991492
0.081719027037378,1.45574966087345
0.100008090436705,1.95912578252269
0.215270790272964,4.81794241615272
0.328973725183116,3.78522095687137
0.188898608728913,4.14447834785624
0.209903104354143,2.63150798435276
0.183337140586591,1.82479817820014
0.162631548440795,1.25703141184604
0.141672911645,4.02610531106044
0.106584682061533,1.20294678445942
0.263060759469056,4.49138240253143
0.132257768472154,4.46162293015609
0.279181210344221,4.60941774746706
0.154678753912133,3.50641975865076
0.101641414102847,2.90068174430286
0.219524523567815,1.86852585324366
0.201796821947867,3.81461552389311
0.117116317889711,2.54681099869389
0.194135387648735,2.27939374446641
0.129863533766831,1.24289014843591
0.106936698682174,1.21119606482135
0.118147433994668,2.96090859068994
0.106203876550029,1.25037763440032
0.145336839000137,3.09600602450133
0.108666965762198,2.01385630637447
0.0628383461270125,1.22969255335752
0.194060307474376,2.46770041146838
0.0825109976591679,3.56959216448832
0.137211821415055,4.91899454556836
0.0967662887630845,1.49048192089422
0.0929345730648545,1.87796068354137
0.197502480899937,2.18097005964635
0.233904707190623,2.18967955059791
0.119910401767079,1.46150414372508
0.0838880753198145,1.70029242808091
0.117759467305889,1.15453662307648
0.188030814042322,2.51174534548807
0.372802126943529,4.97175922466728
0.106953095480832,1.2214099517784
0.200957980630197,3.18766618855222
0.120191164256011,2.33748735896605
0.110294153174596,1.69489433751083
0.117724430062094,1.70863788832936
0.117682577068633,4.89063248100098
0.0940669169806077,1.19078990156956
0.178505130296825,2.57893419453354
0.084904374045431,2.37355609537439
0.190852033919576,4.56662535455732
0.120695230830921,1.3873463710881
0.0995111891854247,1.04883701090875
0.179270625622977,4.1634108767099
0.0815326363306045,1.68726918351433
0.116489371234618,1.93252858237101
0.115064283333035,1.21277258438886
0.105971053281425,1.43911288909326
0.0809342478040301,1.43861572450251
0.113616209003044,2.99542823706263
0.38477317642351,5.48942015397329
0.362047849697071,5.70689712768818
0.22706058555173,6.60544406000136
0.262355533094889,6.60358011164452
0.165546052617954,5.17218092377602
0.451777173596841,9.98864894885019
0.2952939113245,8.96220175333935
0.321758148888955,8.57751624971168
0.185628960947914,8.13396489613508
0.232715566009228,6.58075880590745
0.363642371008524,7.943790476015
0.169395490398563,8.95018257224079
0.219059771581173,8.22770676709271
0.304272331871308,9.22344012789755
0.202598027385728,8.5737421576022
0.258746321323197,8.30408481142653
0.230347464711083,9.40451077256005
0.372998754718586,8.6729973287364
0.207212287879321,6.29480636981649
0.10512972587131,7.09668799426651
0.329477328054537,5.33689115765938
0.205080470431572,6.68534095790839
0.313770660729598,7.79171870127915
0.209410990345424,5.81000478541109
0.463416275391618,7.45772874074664
0.0826911106873304,6.29931870828305
0.336924544393508,5.87295719864829
0.365027504341033,6.41623602658598
0.147637619365189,7.54851089408447
0.118218313535579,6.89881709254114
0.301905387069107,6.80721372242031
0.195786253379843,8.55732790664002
0.32052986298562,7.80424185209309
0.174736073193335,7.5002265267733
0.3516432704483,5.41335092657923
0.327907141963433,5.06920560546452
0.165846181270015,6.47412175299178
0.175371368686535,5.43804291072712
0.283144293749387,7.86383004921881
0.31511899592584,9.04913567450179
0.116320550732719,8.33567342594927
0.379220134841513,6.80208445126547
0.410875555727143,8.92967047101442
0.221819462676024,8.20731135652447
0.261745243616687,7.17608840458321
0.212089366241623,7.6061069408757
0.377249662079643,5.67103454054005
0.123587354155458,5.06983935373503
0.380626452097262,9.4567335117055
0.134976775649843,9.77264049961552
0.154757026087551,7.11507918966317
0.217427684160175,7.47017301433391
0.379131346456186,8.64308299797268
0.15822827122307,5.35628715544664
0.280932590760418,8.24153615000888
0.468467121858473,8.67510488048731
0.169013039456888,5.89538664951715
0.129729097278203,7.39256437091667
0.104932332562467,8.73170043920582
0.289801963437828,9.64345639918858
0.16272875541253,6.6570238119199
0.413936079741125,5.55726410094089
0.400808408406482,8.28149297474994
0.228679814881476,7.6532027463954
0.250848631374705,7.03584082998177
0.163583421866648,6.55763236348244
0.253587539901107,5.09808544167154
0.193934547613469,9.46362636294154
0.229828025353454,6.51483483549522
0.150360893902538,5.15856838059288
0.283301639150857,5.37159258969858
0.205397440832806,7.5263002682906
0.218336467748502,5.12478040624894
0.359591846333137,8.49123718609073
0.305278662946363,8.36549840937154
0.37843171269625,5.01687236424824
0.249433608650685,7.81482757534885
0.215876485336904,6.18303393100786
0.154977924637063,6.11652511496115
0.401619972808133,9.05155022544014
0.180078664344194,5.25401571643624
0.217178370694026,6.67580184112345
0.361798378114677,9.69141079997481
0.175385991426406,5.30940253031151
0.170002218057618,7.61765627236685
0.279583974205815,5.9784729572964
0.263985587050443,5.86293494424466
0.177419371016055,6.31732571516961
0.3926854871299,8.19383438990823
0.154167818263131,6.6839864286727
0.186952389881517,8.20631755509165
0.309849984395369,9.45509302943621
0.170141062824216,9.41373245373
0.179046911040977,7.24889819700521
0.122678294429392,5.97203747630057
0.127876508416638,7.74664218698001
0.161190378270082,5.3306803412489
0.24942882687814,6.33889167737665
0.157521618082287,6.16849837206226
0.25500998607316,9.68100808337776
0.225364414841876,7.37220343285983
0.261290725992325,6.56123391734897
0.338004720439448,6.08164323006661
0.180317810947506,7.21599587126786
0.270381976043058,7.22290838102927
0.465331765493554,9.06877851751627
0.0982701248025239,7.06561728853163
0.188290665307325,9.8283612242622
0.210748395644745,5.18067927934704
0.318721895802362,7.61729411967115
0.256763378026798,6.70969097363301
0.131861068315901,6.17292089797809
0.26873300725923,7.00997232298375
0.266666974145572,9.98125615011605
0.321129976892155,6.58775597210183
0.23497363203329,9.59361407882484
0.192622293641114,7.23057023320185
0.165662612187366,6.561085866589
0.207221872209856,5.25706415282622
0.198149821059945,5.31719639985027
0.484802434789059,9.10670850238596
0.306677239519672,5.48463041495546
0.396035275150032,6.1080159750105
0.202210661386899,6.46090990510035
0.201554366026892,5.25009006860344
0.198897069067525,5.76222774084109
0.196407974363703,5.84370100266968
0.144559939630958,6.72259602484193
0.472748079044725,5.49843143780833
0.401769179142848,7.63079522059118
0.200057503079315,6.91397216269169
0.334121101542945,8.08073528457573
0.123470610671229,5.74876542790266
0.208725244040701,5.91372357012798
0.206213604287283,6.86581763749562
0.363154699125918,6.5941127329706
0.266645849406317,6.26282883754277
0.238227634974008,5.50729405645954
0.233174237398464,7.06246923351023
0.218407292674268,6.47158758251904
0.230647122459288,6.50246996664532
0.181419831733836,8.67838125722564
0.229989472995528,5.18671027484545
0.160535314856744,5.70898286944132
0.177796027490999,9.70360380506299
0.218261266259356,6.35873182398188
0.154280194211165,5.2213404172246
0.2026465666059,5.86453320920894
0.11562778746218,5.26529104730543
0.195271194594069,9.83527978562437
0.204235736689046,6.18366086654789
0.155052627426871,5.61077246470884
0.277805747321827,5.36445038627501
0.173702262009207,8.84317644181805
0.213081012501489,7.36737769533909
0.266246364704507,9.33304841707228
0.148572578500749,6.54489117022717
0.329291961068413,6.69937978707
0.178848997137767,7.18459821385314
0.171445907490779,7.73350505331619
0.223087391059236,7.15622415801228
0.193755339048444,5.94871750927198
0.427704353391827,7.35693199778567
0.39520559918898,9.62912955158917
0.270062485944223,7.36203415745229
0.36629366854977,6.77137519487501
0.385654281810487,5.25766003869646
0.263782892430151,9.89467337792232
0.191246782127024,5.07455150249922
0.302751627274722,5.02480132104932
0.304613197756684,6.30439100819324
0.40800880220783,9.47674449724706
0.121041472782958,6.35098080655558
0.217389998642824,9.40687123007475
0.323107953099808,9.12472278941695
0.203566736886143,6.3715740268244
0.351938139192763,7.37679534683019
0.214102915396741,6.48987259687374
0.313852626009565,9.13863713578429
0.223725108574256,8.06820459433193
0.310085586797335,8.05209081053248
0.443663769572949,7.62780976669555
0.335068987117848,7.71098367111542
0.368458985754648,8.14218742365601
0.255433748226904,9.1479042208403
0.386707778862241,6.13064969000175
0.138454519827542,5.60631729353848
0.16652244000597,6.2982879589121
0.232145712123324,8.60829735707738
0.533014600566878,9.05289859026392
0.158195169407912,6.63106852425318
0.393145857598256,7.33445665102572
0.33350512976428,8.69558067313875
0.109291546549096,8.50312164747027
0.285200340901233,8.55552073909437
0.237445151589215,7.19476534514885
0.384464209455657,7.89884315132624
0.167281890807437,5.47908755599806
0.241488084824057,7.19480653224757
0.338873874039656,5.05417360508705
0.308923353104538,6.85737191025106
0.247953740840174,5.37771984601927
0.275358789058351,9.21261973583377
0.353193068720626,8.93760172328158
0.289872597849216,7.54582801564456
0.290170755068425,9.50136732148214
0.165197735463314,5.46482308936172
0.211424188533609,8.09231788167657
0.202052960939335,6.66693013911494
0.549460918221028,8.17499051261789
0.357026276894629,8.52743969777311
0.306655473124557,9.54701849863486
0.161850530635312,9.65554416923909
0.350151548101853,7.27777720898035
0.188310288320675,9.43106902318372
0.416943907355201,6.71518550237033
0.337398241512983,8.25252980510138
0.264470035967544,7.21884417087985
0.307893206182352,9.09128263881914
0.20971206916035,5.5662648856115
0.272560024191444,8.46173762098899
0.37144185313172,9.00746719241305
0.261199498965641,8.2406508853175
0.223565707952489,5.59982360057765
0.425597554176381,7.80760205516676
0.425424651035893,8.8764111585042
0.172788325778872,5.64331337130858
0.45149623857958,9.8323307061295
0.251589281855915,6.20324265050556
0.195887976333584,5.62088369024521
0.156227510720528,7.76965271574906
0.178734035010061,5.08494421560868
0.300425919051,7.58092338025241
0.199212206821327,6.73082878685391
0.19935072754816,9.66782283789312
0.197266821907474,6.1234326110298
0.234528256615999,6.99899156423899
0.182092605846951,5.07480083111435
0.155295831537506,6.75929026030549
0.315025248835324,7.77890769694497
0.138501770329514,5.64435884895216
0.319195764940767,6.33483674643429
0.293885126438517,8.33976810623665
0.227693214484229,6.68582949176876
0.173066862723742,5.93555307536981
0.26357451851267,5.53947124219789
0.171642889366932,5.0620493369888
0.113888812906036,8.54494194414922
0.319384983257637,6.87706013984172
0.163862112779471,6.11071149655595
0.326173387483554,5.31374144152348
0.372543249141442,8.21325397163864
0.201770736867371,9.12990641390354
0.24166248656084,6.28082228509033
0.177061298803308,6.73549002873745
0.509194306824376,9.70728198559833
0.130296768763584,6.07651318798947
0.322998313133183,6.54126693559661
0.319088693490629,6.65057182019097
0.25793531911611,7.57088430381819
0.343068726990027,6.53497866146064
0.27754372165476,9.51509256988405
0.184169536196843,8.58778490599516
0.19241080009407,6.06736819493584
0.138459164526404,5.29765140198772
0.18901279019074,9.31249482579919
0.280515730839676,8.42005307507838
0.318847639605393,6.41081271270193
0.192256736153818,7.92589561581522
0.332150571183788,5.65783647605202
0.182753994115732,6.35988282520624
0.150491948848935,8.1798417462282
0.345002836963082,7.3221231016391
0.258431516807265,7.69217708167982
0.200795492623258,7.31392554176284
0.181179044280978,6.71098483098699
0.183480616028865,6.95740649219323
0.256163892945209,8.06629004420331
0.157930110237312,9.91214372925722
0.157715817738043,5.84423466384575
0.292145129020483,9.58130960737418
0.298035838180086,6.20515171775754
0.0985509306407095,7.16629148611938
0.151275282128289,6.14442206535938
0.241239066917031,9.75763199710411
0.162155216655321,8.06686927048092
0.183856251097374,6.24914797700993
0.402698840479533,8.85044235426621
0.188238311085499,7.53338092194995
0.192026181479328,7.30292951748238
0.324990516958778,6.79039239069802
0.172325446571715,6.76716696306597
0.195909751268019,8.55798241328128
0.249290864226355,5.79111957441114
0.250275001799471,5.52111107394362
0.26183971891456,7.90362482004505
0.240001259985404,6.27254856018176
0.240247440047393,5.86171164668661
0.134815880056713,5.76979748451657
0.30310865661394,5.30159677586021
0.182617086578786,6.63992479625849
0.329530670513775,7.93881433883966
0.413068413096622,8.79521144951867
0.188920275324567,6.23556586123098
0.158902294976785,5.20358827321271
0.170540062063706,5.82536044002187
0.222653040890551,5.45282996450681
0.259795814901081,6.61455181279638
0.170511720224149,5.1092451946403
0.208915981196136,8.40511219533935
0.134757152299513,7.40999637110294
0.495544893829594,8.56130312228278
0.327110448698591,9.4194530171843
0.169725229978413,9.25418414665423
0.214517837281059,6.12908056660048
0.127574788036859,5.43304116508255
0.35184857263867,6.46660970857872
0.104981264591972,9.09576484430238
0.526438197386729,9.18624914125649
0.265039504567225,7.67215180417697
0.342614605474525,6.3923232126644
0.338543037098487,7.48885705984303
0.105419616284302,5.92503129089388
0.202120213334233,5.40564582511418
0.351283386536919,5.0796931777582
0.335641801452795,5.11304407402612
0.361535234775685,9.43164595598947
0.315343499015751,7.43030140596495
0.241164371902059,6.56620274866911
0.36215096494867,8.78678159689691
0.204657108529556,7.47843715753453
0.184388095057551,5.50415831811252
0.473427542496718,8.11650115449643
0.249781425789723,6.7748879644118
0.128948299643784,7.68733916095678
0.29632721354193,9.74379438114208
0.143536258048551,5.17900282529719
0.251299880459962,9.57447186405445
0.277230948419853,5.67255320889804
0.190202306976715,5.37053064005174
0.14291668823486,6.27293161031864
0.361851439994909,8.70136359299616
0.143727094471651,6.2016669806064
0.128079067085782,5.17824964618682
0.224957049909037,8.38352983559611
0.251797355749092,7.72666180364986
0.21309540418733,8.38088905583429
0.250280761770258,8.43565545792461
0.104723529834698,9.60230058315254
0.304388305395457,6.27623967499236
0.196166245962511,8.94183828208286
0.626300495652914,6.83635435412493
0.347369856610354,7.01167045440932
0.159259828816373,5.13926259128988
0.32012453931443,9.23702545575762
0.385599113083928,7.77164942529186
0.1414775575674,6.54808015642203
0.227353151755245,5.25169186724596
0.273411775469125,5.96939491018662
0.176905985734464,6.39293138865314
0.317556510724191,7.78129236036553
0.157364670000717,8.74673918744425
0.159637402592091,6.46975737791904
0.249239798013441,6.15091042407724
0.308783464184252,5.17663489979793
0.23152010373581,9.11413392152246
0.331136592837706,5.81022488685004
0.219289594913052,8.77757907635311
0.153787137935783,8.12874240397517
0.170575275309622,6.3529262120663
0.194280423315025,5.83916558995163
0.20929942445228,5.45794247116845
0.17053890846712,5.74545695551609
0.268596278241025,8.56165178668867
0.24612284837959,9.79041609548881
0.198822176726312,7.86783756620606
0.151480176434421,5.94417663928785
0.224957684175924,8.6072770869931
0.24430339642962,7.64623586510363
0.36484426250066,8.89727872006346
0.139478738274603,7.21854340268747
0.327141436420427,8.16972794405171
0.136620937627082,5.69050561981551
0.215940276832693,5.69662398340773
0.191588864856574,5.29950483579056
0.333344734158599,9.1396829795247
0.293342965244031,7.12047413259188
0.436555818649978,5.47236171131397
0.315952931112121,9.34659792163021
0.161648612452151,7.00403631451581
0.324737151326901,5.63112329752418
0.271007502042208,5.22882983251552
0.141666702679621,5.2939471016374
0.449306511559992,7.36540502964067
0.0879430197074072,6.4604648652175
0.293383538441624,8.94212884414146
0.185391622718196,8.56117719115526
0.179111250805552,7.34292129787854
0.15343370253999,6.42317195077822
0.271893455539382,8.42664095557757
0.238233140523922,8.77929278748311
0.340376385012168,6.96567904230203
0.411545504550431,7.98132206621533
0.350120706226671,8.78483177142903
0.184180153895828,6.5178110675649
0.177146094841172,7.31778257499598
0.172543204670471,5.79567225739978
0.224693228402628,6.7975787936399
0.326503677604818,6.05000686761685
0.207104578451232,5.45869519862114
0.204169034552862,8.76733471042117
0.120331786348673,7.71306404082395
0.136706372968526,7.76326676312981
0.310636116895859,9.3281233002993
0.31363841419502,8.7664986025175
0.211212500224392,6.63946100885617
0.407401042712599,6.08617698966982
0.239057639849511,7.21641859852155
0.325088994902019,9.17704458381463
0.318743665860258,9.71500153292426
0.250338680415632,9.74614633250742
0.123801799801646,6.63251797892954
0.163677316146823,7.42070170339143
0.315801026502789,5.43681528994032
0.277576405540011,6.80107250968366
0.366205507744394,8.56541112937891
0.219548375064033,5.6052111785803
0.228886608928286,5.47924222787058
0.111387264675046,6.31268970539252
0.152873477873771,5.67556157862506
0.486345231877587,5.6311920496258
0.212088462114164,5.32644328409709
0.373783303037175,6.53227555362957
0.17838079745375,5.56756457335836
0.3272526460674,9.45906449549386
0.1429201661787,5.07441521033476
0.160238508647738,5.10066548668808
0.186763585192626,5.98808104774051
0.139609840077355,9.1476320672526
0.212998071047131,9.05517492339754
0.217261213301508,6.01299029513151
0.143037101943347,5.19059061603105
0.205674177501721,8.36230889766556
0.28375909046033,6.00961674300055
0.245266850126304,9.41915965602874
0.164976527387303,6.61191662058128
0.148811597786799,6.96435889513243
0.146107088681699,5.67555807417517
0.22676961545263,8.76061153762744
0.257157591784236,9.43059516520033
0.195845759884894,8.89049710315843
0.236278508088122,8.51104121369549
0.229775244254178,6.55516210960918
0.251473648458366,5.26680126681852
0.216318706516895,5.08218527773377
0.359436852143823,7.26453607642221
0.123143971903568,8.71061217344509
0.262788587015725,5.62458930419044
0.294655966206421,6.54276397353601
0.191151118787246,6.71362478121801
0.178382571904193,7.90496636478322
0.238654673094273,5.26087849815993
0.148690934119961,5.18206722795654
0.146783689885549,5.64514860877035
0.182831726645675,7.2606904294242
0.19785253648487,6.73466807746505
0.173614494832728,9.77510524617847
0.241939818594557,7.18619738272298
0.360423856877969,9.26372152719287
0.189730648110991,5.68937461831787
0.170210645928566,5.07317229487652
0.318432859293218,9.00510086197267
0.355268493208525,6.83795392185275
0.283894443513949,5.35357910059367
0.146701620453686,7.43130421114558
0.390865349103484,7.42271012766295
0.237634143844827,6.02624846049894
0.336606131409268,9.22697280574545
0.321730415057768,8.87824836521691
0.13748038961705,6.85756744986443
0.209507415722065,5.89002498400055
0.192433333639133,6.13467390554551
0.281273903421923,9.34094846291501
0.303243613896664,6.61859153728177
0.184041791548788,7.5039389305756
0.157018590058223,5.58184878978586
0.127359852605982,7.55401624001262
0.192280835168502,9.85342032395098
0.159334016851994,9.3052424605936
0.201306826452304,6.57188709290943
0.140351091034901,5.97104152413219
0.159479984532971,7.46908854560358
0.277908554969692,7.38829187762251
0.494200698057287,8.46433675583703
0.386643382129005,5.29168494933908
0.280287042263969,8.18921657388971
0.433875640956772,9.92128105265672
0.243613658262705,5.63609377644269
0.335390354615227,6.6775877396016
0.298299412550388,7.01138507694624
0.343947826625333,40.7311270547572
0.283360373897326,12.5384708442314
0.258954341870469,10.3213216900045
0.164323549110551,17.0840180483132
0.551428924630893,41.0328813983266
0.297999595084822,14.746387392641
0.33607513069266,13.0228694688334
0.255847585318205,31.6731629642134
0.328443977507752,10.5927462395231
0.251465434642841,30.6359341675058
0.473353449160182,21.2476853869703
0.462867434873994,20.2031180337933
0.610324220579678,37.2398145893208
0.301150200251386,18.5484201657034
0.260246594128317,21.8927469777681
0.1797826951827,15.4179531243129
0.665609590070933,37.5825642883185
0.481512379663169,36.3692243184881
0.456747868903511,33.88050600365
0.165570233416317,10.8012385154105
0.527957046165065,20.3723481355881
0.40280899502079,22.2119258751359
0.618220647075708,22.8709439783959
0.566971597109958,47.6445354483252
0.480632946457354,13.0909152729938
0.476610878685295,27.7541952490266
0.37082954128477,33.7502078017309
0.307574381692482,18.7996911047352
0.219338441960436,15.2485227671003
0.34212505352302,11.1432735185521
0.387437326922432,33.1570055667777
0.209344361704193,16.9693571442714
0.372448875208622,19.9823849505736
0.316333610719723,16.2571390127234
0.332653721150187,17.1616624666275
0.430798503164047,46.462337324155
0.513391286734238,29.0653941844469
0.491067617276196,41.1035026778538
0.469469518812466,20.1524519393426
0.373099995327574,36.0301853052208
0.397007192159879,39.6036702887647
0.404514565803638,13.0134773722471
0.398314137323557,46.4971719087491
0.533939166317098,11.9138012255019
0.564282491794944,25.329130232377
0.265338408800698,18.8687151841044
0.52279962624605,31.7183203049075
0.37621905296755,16.3481735639284
0.318320515966117,27.8697514984926
0.617783607147345,30.7132002793388
0.523093217550065,11.1725580747957
0.565923968599029,26.1788617126335
0.321203989063869,23.5647645154142
0.41077522515928,17.9913693207422
0.29879922209972,12.6929387332119
0.305759855878246,11.990586078412
0.490611003814295,32.6131313836549
0.626881751485425,21.0213282696288
0.583547889888672,41.776345378418
0.392182007001746,15.804138069642
0.784552362722182,36.6913897916617
0.256574357925566,12.9769688872334
0.23481468605248,15.6091886854895
0.539983505356633,11.3511008312511
0.526235389004414,38.6208057266388
0.435148945407157,40.9865383146467
0.598587089939936,20.254249186114
0.223318441467491,17.3440609111491
0.672804550400355,37.998316490534
0.51409079779549,20.6826590602246
0.316673748122666,13.2982034454956
0.421179845688857,24.7147829148938
0.204789769753784,24.3605562034418
0.551903337876666,33.734936580413
0.51740516846827,33.0176181792493
0.547685255071844,49.8629741070637
0.53985067994818,14.4064910066622
0.479280837102579,46.2678411011667
0.52098578143286,16.4121804524222
0.495599605681172,32.0299896080305
0.394460451584253,22.1495720719008
0.464158558179031,21.498152687278
0.262844089456201,10.7051688768779
0.637033428982088,15.8872701665859
0.335662147773344,25.4598344171604
0.227913917565805,12.5017890151631
0.384815717455798,18.8055639058075
0.282369492508777,16.6412869730306
0.459465982527854,23.2090869559725
0.343117933918022,13.7835158458287
0.332748582589973,30.9424427841953
0.338833703525994,17.7771213550625
0.241138531829859,10.9262529136986
0.458563106399209,47.9277722489776
0.445216479693837,34.2018186859038
0.577973954364829,33.242040644648
0.704745557803382,38.3000871111377
0.374021208703903,12.6508692274134
0.23448593026403,12.5729193265111
0.326036887760683,10.7562189108144
0.352984869148617,15.0953763559461
0.363450360808869,32.9491713658997
0.29790936260571,12.6401620755945
0.590288798625832,46.4533488485983
0.603495130521464,21.5120989640502
0.591594453650945,38.4387772603758
0.431164749596938,25.4153656564277
0.47649011752483,24.0194191414453
0.311098949505903,18.644083030515
0.523423351457185,29.0188456889974
0.254687921730286,19.4715083792968
0.573556014854814,37.5774223852251
0.515999344113496,15.428509882532
0.21432564927834,11.5767629156806
0.514369086094402,24.9070192964091
0.504825666257023,13.0076245194159
0.287613352295552,13.4274363937976
0.34788587911044,49.8612169128161
0.508431069969942,34.3671392478246
0.370098548529312,16.9150971434879
0.199192659934937,19.5022689217202
0.454954762346539,22.7370704868997
0.348396852096841,15.7721890995905
0.624140209224166,16.0385886988969
0.3717701919454,14.4434134010313
0.349065888810038,14.1988274531061
0.349903371603492,13.1988650367793
0.338445895267048,40.3244347124025
0.425360213994241,33.9846296825081
0.598252288165044,48.6650728806697
0.435054924430576,27.3209545617412
0.394162859491508,13.2396838994514
0.281987630404235,22.3000029213511
0.747346611478394,43.0353466273319
0.426283198699979,26.8458428230996
0.619806620268521,37.2642903544623
0.202432983002934,14.8145121143292
0.310782948236554,12.5551044820412
0.680439578565486,47.3708493592415
0.405361525866279,22.0927966279538
0.620749976319295,41.591961899185
0.545027031114876,24.784649533837
0.366478670580962,16.6671667122826
0.563421098194464,31.0624610876366
0.171211461739064,21.1449706452499
0.234484183754732,12.7539739772689
0.336651253288514,35.1096283891741
0.605841565673245,49.7091868392285
0.622406695272666,39.093439001763
0.404246312097771,29.4534923333285
0.423182179296681,35.2792665530612
0.732393889315082,36.0709314058886
0.294453403315319,10.0380366696288
0.699590371279687,43.142332325811
0.383716620085149,10.4994446216779
0.320872673356374,11.1575216098526
0.450346466469338,27.9946098210856
0.198705944814408,12.5373891879556
0.404491130207516,33.927108907063
0.636605183327142,48.9270234028819
0.321824904868238,32.17608387772
0.652835426006014,12.4173047317479
0.263777551646324,15.674146857038
0.71799398691554,35.5677885591023
0.436415803914526,26.5331644828546
0.613735537771892,21.9719952558481
0.643790320680398,15.5740677307065
0.546508841497151,13.0603026856242
0.407501681154369,16.9747511320387
0.191176019331682,18.1299096058693
0.320535741782144,16.2593137002072
0.669567110358254,35.3187162703208
0.359922721629996,13.7617283499173
0.453690808860534,15.3287027561264
0.585174443707966,22.8882445914437
0.328623740567251,20.4549766522351
0.420958840485587,20.5742213989114
0.218111885999508,10.7067077155235
0.621829571622993,21.111492024217
0.654364687781492,36.7514340453385
0.570989526411184,42.8589367591849
0.429183117885654,35.4084754048995
0.502253152629353,17.513718949251
0.414195526869294,28.0714858363436
0.337870719291946,18.1051496585832
0.357390989496192,21.1516819097263
0.495618748813751,46.22913659051
0.349628089266918,22.7738881827318
0.597291449001942,29.3495862297743
0.562445340242092,21.0826598014941
0.432770111439149,27.6161725412705
0.257518583512047,24.8518869705485
0.160737828355994,10.4926724072987
0.231105116853214,14.7812461908786
0.44427512403533,31.4488118596505
0.370038767568852,23.0961078864303
0.436050179564036,35.8807569367602
0.2509168376997,12.9974615099479
0.344630781989521,10.8962547080556
0.364472002967072,29.3597992159047
0.669648828433552,26.0431405137064
0.432693096848238,27.0298090756687
0.333702979291328,35.9110633506665
0.435587192104052,14.7597474461392
0.681469260108356,44.9828378462953
0.602295732089299,41.6182863538683
0.331251776332063,42.829112071558
0.481636921948821,35.0989037695094
0.314458428554738,15.3175307698634
0.601188315027315,39.5873545565613
0.340997612182272,46.0269608293927
0.649111303663775,46.5890727390146
0.414672045557642,41.9006589550775
0.488790295058489,34.5991309552155
0.341538617094858,14.2489055998164
0.396685698870956,12.8916297075045
0.637760216343475,23.9630906216774
0.578968976342158,42.3711026448676
0.429976008331662,23.1512647412885
0.43010580843091,23.2351956823594
0.395237714750239,31.2082248311399
0.293151432272335,12.1647114128211
0.425366071111855,20.6232221885045
0.314716646999051,17.2713568577984
0.575677000865203,15.3583343772222
0.427099341446536,14.4655527863532
0.479166552785008,36.9413592227395
0.434335288978425,47.7021259738496
0.594658048362616,34.0404008663596
0.767326473191142,46.2415554101823
0.365515554563801,23.0884360057717
0.288994487701376,17.4829015581599
0.542822500370316,46.4586163029342
0.485743004421128,15.5437471334202
0.515899120070171,11.4842242723991
0.462016171026228,25.3605612605219
0.670786774566789,42.5685321161966
0.577289909732065,21.2130388570688
0.247782426791703,18.878235554307
0.496499737797914,27.4333810556664
0.405158074963165,19.3235693622729
0.588904912236283,25.5871085882578
0.520870535959305,16.8858428455242
0.367043269549564,12.4576532500293
0.657992789507186,25.8596337680871
0.469386913724066,32.4844121088977
0.517550414153872,32.4863727365833
0.493095910001644,25.7055559912593
0.308359095750118,11.3452510854336
0.448065401665299,31.0637580564672
0.443514511315998,14.5973045191368
0.47976502352116,10.5680129134315
0.409868317403318,20.8500937124168
0.547031703311605,35.2601018584715
0.317696310023215,18.3384961588895
0.482917865878094,19.3309956634802
0.394417168631181,31.0626423021428
0.389072639986575,22.9733299868184
0.672165831411962,23.2787795296139
0.389474683393848,44.9665932421157
0.475032908385688,17.5253273701806
0.61654578083082,27.2207997344832
0.341971209567525,12.764262647675
0.545699928332587,34.7179653206513
0.179735198470429,17.9907252387078
0.550962440580574,31.8431675470399
0.459705630769904,26.2676873135779
0.65498085041716,43.1904261986744
0.389361473554867,11.9002406978576
0.326648438366626,11.5642290330544
0.620969729905092,45.6031616949008
0.273776996989553,22.6393045452647
0.634368490144249,35.8752556903261
0.428253959893207,21.386475635726
0.591596331063461,10.8388722279521
0.280266258466593,34.2425167837904
0.26050568706347,17.6672817079131
0.258873500153719,21.8541738869248
0.600416648366811,27.4432717339654
0.53961390344143,27.9240321822742
0.503653245696944,34.5126371744075
0.378974464039488,26.1661163561434
0.342073219764873,14.0993468156594
0.322135016934526,32.664869608265
0.369625169380969,12.0925196541446
0.418904392249809,40.5007625294177
0.638697275469481,48.4044867647372
0.530936438777302,36.34948644982
0.360596201403861,20.3474601490465
0.34749217997591,18.5881680262668
0.477372915441794,41.8626334271227
0.16950952655619,10.3366159882359
0.4938753511608,42.4335265191907
0.345080747566589,15.5684041938852
0.515243262860748,18.1536224141662
0.187626667896838,16.131408406687
0.582735712709715,18.9053937939003
0.687620780109198,32.0176103795542
0.466617271784077,49.7015236222845
0.453075424484592,19.2320635862429
0.365430618711317,14.4241354982521
0.424932554716792,15.9476728817382
0.501019512142983,26.0882595082617
0.681466580191806,30.7532501598431
0.289703463540754,29.924042444049
0.614125788713801,26.1522783445941
0.513106641620876,31.0883516720883
0.705511806716026,28.31283722365
0.502115595668227,40.4999027060148
0.493557262758789,28.6402182343484
0.478084950686905,48.6528134947071
0.228618874353253,28.1787795698935
0.415424521614089,33.8171175294936
0.361709498280984,10.9784476806144
0.486694026692656,36.1397409501744
0.375759886070114,34.4068970098167
0.348138608044125,20.152879513638
0.430024253799526,12.9095464590091
0.498441720101679,12.2014834394288
0.441788160958713,15.8762937905893
0.392188059254021,31.8175343938184
0.159127007294106,22.1383180450334
0.221687583834076,23.7174370368453
0.612095106152772,42.4359982030592
0.613291731959289,35.6042254825453
0.429456698743781,24.9219491034208
0.354681346931716,10.1689829058412
0.39243912206108,11.0875580426508
0.66420893958563,26.116398336531
0.18530238577706,13.471482902453
0.462646195296669,25.5322041413333
0.496722201564009,25.2718232663508
0.632385133854093,30.7313144013017
0.654423550238274,37.7665529997864
0.424668430473919,19.9920616077161
0.418695519720518,16.8931368654268
0.362024642749589,48.1453375487737
0.491630150155774,19.6020335182474
0.381332067211169,18.3621529191246
0.40440806291184,23.1178101471632
0.367784049330364,30.2464681606504
0.4746531987811,11.487151864044
0.581073799437595,18.2472690619968
0.253033766226872,11.7339294361907
0.341847195040568,32.4386909347074
0.500354222948922,42.5353999347652
0.399398146116986,44.5385634419552
0.418110338248153,25.8556160586402
0.462516318880002,19.0662922787539
0.413710249463925,38.9452754678746
0.313504927190624,16.6818463797464
0.268806849429109,14.4409843516711
0.456926446298877,14.2160502461446
0.235223661797663,11.1640156842672
0.448145896601805,12.5486656054824
0.634151958670312,42.2564610014731
0.516611519355308,20.2765660598683
0.302054465919891,10.6164078588958
0.571079178751042,18.7895724140247
0.216650823964651,15.9296833629123
0.328053675435364,10.3916613016519
0.238212347150201,11.5332545693372
0.717910278365718,36.6210633281223
0.253810021461503,20.2013990100887
0.668534853407104,42.0871293872502
0.307421642196265,12.5581112534994
0.232672799937793,17.5733429848484
0.566249485818189,45.4814580284095
0.200166733765014,25.2848568749273
0.609377091530845,42.8629690851737
0.501510950708575,40.3333175913965
0.44800179816307,25.2585969849596
0.381520129538546,30.471023567786
0.428223134565755,45.7620841929467
0.305816319302826,14.8982720668277
0.561170983556864,37.4239000679075
0.548088469206655,40.3085034416546
0.404126008569887,11.1031663254334
0.333252809425745,17.199218011788
0.424869632571751,22.4599779452397
0.399420599507284,33.7105144702349
0.308987605057902,19.9439694393181
0.337966032207217,22.0274415386617
0.212683343196212,10.2721381452234
0.213496120897541,12.9893095800713
0.435617453579771,17.8498110310177
0.430687117494461,21.4533356189421
0.603174726913129,47.6997217091974
0.422116168390184,16.3910818390133
0.28900681060407,32.666395233965
0.277546129786285,10.281019286755
0.500209620553609,24.2311968580179
0.628919609223906,36.230427437341
0.361378176122503,17.1699522623813
0.205613540394712,14.5044689912077
0.345868132066768,14.4098203156842
0.62982208056869,22.2584550319469
0.551852489457617,26.2879906270212
0.399590430683316,44.5885660308985
0.29065207145647,16.4862244640187
0.642796313916024,27.3465359723993
0.335765197790962,12.6292773556989
0.367782880478861,18.3032404367531
0.222879046764385,13.5743891257491
0.627701882641257,34.4576574532181
0.304550159604804,18.631089298022
0.544222985224161,29.9367450153087
0.463041855851433,24.7211741071067
0.424605718175671,19.5801256321855
0.489437922475458,31.0229062397535
0.459835257465121,14.2707151016027
0.466187945067501,39.0457066427687
0.402618260233217,35.0552923869482
0.362588616669855,17.6845455059957
0.51844720433613,23.3661090718176
0.418777258274436,35.9237536041542
0.379056734507915,36.9256762056585
0.482860375989385,39.8043061079844
0.333709769850189,39.0814337484867
0.38564596437811,37.3639737400824
0.491036180812532,30.1154780712603
0.317899933846536,13.7916866718735
0.653333801056672,49.7496298849332
0.355821062174397,11.8687688960654
0.519754935897163,14.4479173319035
0.412449331952065,17.392242334311
0.384107227049551,10.1187654024308
0.311920943542629,15.2518084929006
0.496166061235421,45.2115656599496
0.228916409544547,15.7631901582272
0.324515017520566,29.2316027649811
0.399115077729038,40.3528422657146
0.328167904108187,11.7532626616875
0.21850775937491,29.8566299574504
0.648912435094067,32.04799028805
0.770777433367703,43.8682658379903
0.457210827992967,11.817390156336
0.421481411491749,28.7640964785409
0.4854786574528,25.6466274431539
0.390226027841303,30.4301512965408
0.663990081211337,24.6835079155315
0.662602417138816,45.3889435901637
0.556328419185553,41.0410050430113
0.374906525079339,18.5838789381883
0.313820701877959,19.0193034769672
0.370127413896535,14.0590414890438
0.704971839585174,42.6248591505989
0.338807214879235,16.0223068930193
0.50036833998263,48.6541980454848
0.180968768641009,10.140883881335
0.537727109716411,49.3571264481925
0.443973647563329,16.2139329535485
0.383417566536674,14.4758608447182
0.203907923625073,11.1048214127519
0.57680055659755,35.5458159629468
0.448801248297913,20.1860679019076
0.337396275992834,25.5389742744188
0.347952081738267,19.2461941154615
0.676246980774695,40.6697283691924
0.370538632895399,27.3061132863112
0.51196583229627,37.4101034092416
0.365720932681738,17.2516495363644
0.695859321079582,35.5163332294037
0.283792557125606,12.0753210220522
0.329352925971482,46.4735658248973
0.591027298041591,11.1866029425847
0.257473692448613,25.8693530149229
0.471837596290381,14.9373091535743
0.408551664371645,16.1447248133956
0.448197385259397,22.8131316934227
0.208931443316824,10.6601458663373
0.375312943277226,17.451530092504
0.258515625539128,15.1306330685943
0.341550603527061,35.5274635357642
0.478630042720865,37.7319037376169
0.576710726350565,24.1037319459848
0.324329966747682,28.6720712006043
0.361907723364356,19.8861333681275
0.200456272986714,12.8415803400196
0.529445610942396,38.8282748628313
0.356289076144789,18.7248786597269
0.257290172961863,19.5055648225637
0.382390982387529,48.0244132136242
0.552147673446903,48.7336315429031
0.302163488647808,17.0422713054963
0.61307186634689,38.491668221274
0.512535408871832,35.8288383594674
0.276271156704328,16.842999322012
0.48461318648799,25.1971790839127
0.67695282091771,45.3578960347833
0.332150026588175,19.4335542090449
0.223139329246609,20.1191473238904
0.552538283278335,21.5274142774201
0.626084287751515,42.5792513691598
0.470347874332549,12.1445732778695
0.256089513933722,12.7199976520188
0.671152479504638,25.633546600953
0.585654803236206,49.5665291191549
0.302468740652883,30.5781898329392
0.345475120929572,21.3864878905915
0.700356240819495,86.6937431642728
0.598706249708137,55.2021724085182
0.525338381864702,72.6394285539211
0.732181785252929,77.762153137652
0.515773373083551,56.536943116047
0.536596454805933,61.0661783032825
0.702469652427006,62.964057185742
0.649998105398606,79.2167048856416
0.838456759167825,95.6593735322057
0.587287231056792,50.2206406852874
0.64845864805863,80.8109426022078
0.562488964819308,75.7406303740083
0.629602711502801,94.3924615193538
0.52448010861123,68.3956785606836
0.812666034499045,86.990225880696
0.770350694568359,71.4999837141469
0.527517754194228,53.510252366042
0.688422525854783,79.2272506448718
0.628553138029817,80.611901875182
0.64753852119301,96.0221113219739
0.583656635134346,56.4960186975268
0.557752264898356,53.4749184686166
0.745337968829163,97.4209689886828
0.626408160013671,61.3758308286341
0.429055907455306,63.3814810745897
0.406362085188911,52.8037807048886
0.615099041902453,62.9814926142886
0.457253634319456,59.849362862534
0.442039424219821,62.3943211695495
0.716136720398047,73.924684730309
0.720768741188749,55.251392778644
0.395258548293307,54.3950713398152
0.697445804468246,72.597540961691
0.395471982819597,99.1830483564484
0.687007529402685,84.4548398097803
0.690333485131697,65.7476935531095
0.724018251470923,59.0720773119875
0.586407688274251,87.7382310846253
0.535782585719411,92.5310662625396
0.670841101708186,75.2143085819283
0.71354608354706,72.5943010985096
0.731235324003378,58.9056796724768
0.710399411769908,93.8051582528216
0.552879831614307,59.8821368481006
0.626319550617758,68.6751234426923
0.577017311555678,77.8640421521007
0.560519079309006,94.6088103329958
0.726823739779103,57.8650243803752
0.506750116179303,92.9410083048557
0.579510206846829,87.7056920776161
0.589603065749509,56.3457003952103
0.494034312601912,66.3687869513658
0.704790006635648,94.5986945104825
0.583109483790125,78.5574368034041
0.66485646844602,59.8684751075808
0.589944693993069,99.577809097552
0.640622912281486,72.3262247561184
0.444999269275999,68.1120274864381
0.688554594058858,52.9197744601435
0.422407870113687,54.540270417637
0.67525371436638,68.906015214672
0.759751381131968,71.8225879391365
0.733405568718052,88.927620661016
0.507333764629227,53.0765094189025
0.765877920266381,74.8223133496616
0.66727982942856,59.3268805356458
0.70660364853507,89.9692991141837
0.54970803237327,72.2517570625661
0.762605676154797,87.7582903334249
0.550129190370608,67.6806853589516
0.501813474755728,75.4408617694845
0.576827183909056,57.9625607565134
0.548210711792868,56.0293447288521
0.401338994169332,57.0769228779256
0.634072159435976,68.4222219109355
0.594044613554116,60.7580114861454
0.545889133926491,65.4771348490555
0.709633865961402,84.2411533155114
0.680844750585543,50.6702313841974
0.800471855135957,99.1263633112882
0.778463128465154,97.5864463311036
0.666939471762837,60.1741826125202
0.615720333379522,88.0236045783444
0.674732185113406,54.4643110125269
0.726441737085926,76.8824767322933
0.628327564552025,54.5976984716244
0.617772265665934,64.0079940273291
0.786805597185181,95.1787828001888
0.593812181482732,74.5261368173426
0.781857766490719,66.5362656589159
0.696188066717314,53.3034741038658
0.585265117089541,56.7819200232728
0.584156481316411,91.1324674531143
0.400348275078299,52.4234340104128
0.686624341009284,76.4781688178903
0.470582943598951,99.0240961591935
0.670889203059042,52.1203876030934
0.629243671921675,64.4033276354007
0.629824984604938,70.6812613743071
0.458697791710719,59.142929585501
0.605596411667391,99.7409683166519
0.589328904599192,97.2176994269108
0.455831871709338,95.8182766636103
0.742559553764422,58.1823000232378
0.787846560757492,91.4736876679215
0.620736430970891,74.2361691699966
0.566056113436836,66.8168933766809
0.779162309669729,81.3304266228218
0.565228510067019,71.7063143373735
0.622682452474783,83.964582561124
0.687677442991541,50.7474199449714
0.731618584768858,83.7294637161774
0.433072935583335,57.5102316798997
0.645710801831298,80.9574643056289
0.564198307459269,87.2933661354406
0.623598725182865,95.2725641650784
0.523934220203152,55.1158023441614
0.454570892444964,78.9843435057373
0.560464902453155,59.0327839257745
0.5938108979302,78.8510009324137
0.418293604648372,51.1218653452432
0.730472588465217,76.6373517772232
0.658435221078569,85.9256541155123
0.642001927121004,91.6510007181573
0.546837027500012,54.4919263997936
0.599256337388958,52.3157813625525
0.529712375740641,52.7256678118838
0.750205510877893,81.4204568036922
0.534197341192336,81.5533644495102
0.730179692660895,87.1160831911135
0.729548875890186,85.7074605398429
0.474847652103028,59.5814495267925
0.663930878344085,76.6368803517401
0.507008562594165,52.0719425368339
0.502607582414854,56.6344845892519
0.466410176023032,54.1968488150861
0.666469884821683,94.9170548720329
0.531012322599908,50.0637793593445
0.596006565346322,62.7002842750042
0.739447389932053,75.0819200802793
0.625408228440364,65.0770712875161
0.570241038902193,75.5188000114224
0.687128026545879,77.2351708412084
0.806093299607272,84.7304710306262
0.50974910810201,75.0750886134285
0.68515288728904,58.4287312692364
0.767293774931825,55.2221380618911
0.740612771329351,67.1273954307098
0.692326712893732,78.6112750800196
0.776900193860269,79.2174035528673
0.571105167026857,81.4377871884528
0.451403497733773,73.4483285185372
0.620711700804096,58.5907624432921
0.689191678806036,93.6933611460645
0.410915219628873,65.5481908616317
0.582582115368325,83.9215749247484
0.626261911519119,82.4322470854507
0.639181458896597,79.2264411259808
0.55619542932263,84.9823664984125
0.728702201602762,93.2538421378225
0.586474557676762,90.6354941530982
0.592570187982446,96.0979373987564
0.663821738351276,82.8459981739509
0.811249832886127,91.7620655687067
0.625503540319859,98.7093801515562
0.521020903767493,63.654991494716
0.520338451891448,69.65525234847
0.521800809323589,70.5345227023665
0.752061812657025,57.7397195906936
0.543521819361896,66.6813275585175
0.664078512197493,65.871894233942
0.555987494947191,89.6122905374826
0.704651633364961,91.1321228663229
0.546622084961634,78.5808410368089
0.602439112885572,62.7490520684141
0.683068664470722,83.9828534454878
0.653649286480591,72.7549110789029
0.740940597787711,75.2473126213695
0.711130132817498,59.0169767755086
0.633678136955427,84.5724082865812
0.670027473385176,72.9568279387185
0.521392994146902,76.9814406762454
0.707820289881237,68.5900709484845
0.605841936952779,88.8691517898772
0.72286066681562,73.4808200935883
0.733694566744449,74.2330810799038
0.781720500967167,78.8315928779398
0.623059367550699,70.8187335112192
0.7705964609453,82.7872608513443
0.8029263786777,61.0924305806703
0.6950896802559,84.8068144104814
0.586577070979132,84.0636698262899
0.715597877207258,62.5244233245902
0.49339850440395,53.0781360835744
0.748591626191826,80.9088949304105
0.800069060713366,79.9801365829021
0.583239812229928,50.6144149281018
0.652463332651007,76.6034910981019
0.698020160244909,85.4021759239752
0.554175285920727,66.7321299026552
0.38291098873443,51.2286098803959
0.546486810785981,67.1989498062673
0.605313983414138,67.5118085527614
0.677455356617907,67.3126898319473
0.708626545590848,65.1924141046114
0.713292881368769,67.67845419287
0.480836708389291,58.1993906949134
0.485657157863023,54.3540784585307
0.731920017782679,93.9502566953702
0.503456898370368,53.7100532983282
0.785496648772282,63.980371089861
0.657158149597715,55.6907205113118
0.64020833545076,60.4910748113749
0.696810777012412,70.1884120794215
0.636587447824077,67.8117626937181
0.649152501691574,71.4778970562875
0.311461499893951,67.5984443613117
0.783266942442208,75.04870144776
0.464188853255213,50.6293275030496
0.673396207164733,72.5530245676233
0.606953767347648,54.5807827721249
0.704714515436553,80.3248489641495
0.654492569202156,51.7846089488337
0.491651688861774,54.5559171591948
0.556449054861759,60.1621761482519
0.629322667369568,74.6918436587548
0.35455331464499,63.6873027356312
0.794165719289049,92.9595956459964
0.622643843881643,89.9653160531128
0.785536785300693,77.2202827700079
0.601077783106961,95.8900141857933
0.636893158446166,55.6325523157714
0.581340924647388,64.1081409465912
0.587220921542467,58.1383045799097
0.628756829936061,94.0792349590924
0.709164654791759,54.4802267134127
0.595285065379904,67.8975749791815
0.511345791197717,52.6247996211167
0.362504538952927,94.9178383015523
0.56966589010209,75.4834593436591
0.650376626290414,57.4092713635353
0.652805290656864,92.5359402098329
0.734186633269878,87.89462497136
0.466376360738451,79.2754245448725
0.774248110605555,76.6538393359265
0.784596217904649,73.3862203240487
0.643227649106199,78.538165051075
0.361756339280846,52.9071373539442
0.730156509924702,64.7391136658857
0.763356633587488,59.5680536536861
0.722791599447324,85.3615023713688
0.663826048823315,77.5710048035125
0.720036700894219,87.3688398292921
0.674933295533596,56.5404929888036
0.665417099503113,97.3502243476639
0.538058567836426,74.3648961531923
0.432070540960311,52.7563786784831
0.713501119792768,81.0481523921734
0.588872333301641,68.6240711519619
0.649492239464321,67.6064536984885
0.723918613487485,65.8301560446367
0.739565753500904,97.8894442155058
0.57152760367617,70.9038691929215
0.444835423462916,79.2661403926386
0.547437104907565,99.1304652965844
0.754805346694289,92.9381731987036
0.797252077885211,60.568982415408
0.628621776080941,79.7671322096481
0.588881774742501,72.8899516537105
0.542205257325143,57.4927579085464
0.741825498965641,87.808417466247
0.731707459996722,95.814505267141
0.530959267030651,73.4866180774375
0.731614998196327,82.7941396929828
0.718334123210076,91.4329530787918
0.697244123100868,58.0616723914175
0.506148308865199,51.9626032452189
0.59590504102892,59.9162241243629
0.609443987981865,84.2955103348188
0.737682188467697,89.9586078352227
0.534727897100249,54.4451180800011
0.622893040109775,71.1948384323829
0.520511578912148,64.2447854854129
0.6303391510887,57.1505135177204
0.684452648926885,56.6362949946596
0.543110498939245,69.2062357922572
0.436605183483161,74.9432934288975
0.511235332948151,82.5460052172056
0.669691753674462,88.9789153599384
0.443834101909199,60.4354582014093
0.549795148644251,71.2572996825076
0.45407662462397,76.2399779618631
0.596457738048985,95.084352695115
0.623215608494582,89.4332303697399
0.766184465876059,91.2138252733942
0.598821172737272,74.8032302617041
0.29546310121452,65.4640082101868
0.622423202838801,58.6984775942407
0.712526448045121,67.0504845080209
0.591866407114442,99.8875600565653
0.751516012907877,84.9280937190151
0.567693818444319,59.0499797317197
0.730023134417228,73.0014469561192
0.426632397445911,60.1161260777933
0.478338508598715,60.1319620419637
0.533204469686742,53.6077261595522
0.813629256523067,84.0958022570298
0.734153886330126,66.2715537935632
0.593006176171553,60.0449161742093
0.655044614706648,62.8534220925627
0.636293153217757,53.8283313682341
0.679489664022155,82.1028586956385
0.483038958259465,68.3399435825037
0.588615449825174,97.5818532302102
0.556788009308889,94.0619634508338
0.635926594101807,86.0163131085094
0.795982102659471,67.5206306444469
0.572981364552023,68.0266098461415
0.766814510273388,97.0094048415542
0.417305123604001,57.0425965558985
0.530139301639296,87.3297160131524
0.612628196071369,94.4716379801603
0.677372795419236,67.6399638133746
0.759575951310418,76.3016527298995
0.692198845637827,57.1030534745679
0.298937704286783,78.0359824074806
0.658732393899726,54.749088061767
0.571305142046043,93.9932662767544
0.401726069813937,51.2818214601938
0.533353089459822,63.3324024333883
0.749729433894656,68.6991489215889
0.729831834070436,86.3591600028678
0.531575128125372,65.4348801528962
0.635541332214762,65.0300725249217
0.786562320359922,92.1904860144168
0.482062472447074,77.4483243176292
0.560166625631888,72.8125722640046
0.537984466480701,72.6950162918828
0.495069737799714,69.4752034409428
0.741269404537937,57.5226688142524
0.715465300562458,74.4243212160456
0.304215294944471,56.3303088857202
0.503163190197386,62.9705211434785
0.701808681156514,74.3775656828281
0.778165896008876,83.2580603341657
0.569072127933191,85.8401582958938
0.655221911336394,53.1250503096901
0.277414345936381,62.5869600970826
0.648769737279339,69.5991134146214
0.780550409149485,83.9615812048579
0.612415487195988,98.3090934962926
0.668308681074476,60.9486373290643
0.493702704608457,98.9444756964435
0.512714192204489,79.6574458656216
0.605202348078621,72.5136369504792
0.681119783284632,54.8221126482923
0.635030563602834,50.9857709667959
0.577011914597348,84.2718201967857
0.644219687469028,80.5267719460077
0.530017359881431,86.0225895461188
0.734850157312024,67.4668942160095
0.498533823393665,66.0911022022823
0.729333927504768,78.7585504722687
0.611394946588813,51.7588204165512
0.392858870020783,56.2202986414687
0.574333663140981,72.5612881755495
0.473424810647066,79.8231161921002
0.749410815318639,89.6081043511897
0.758946842490445,65.5267168736742
0.566172534263491,62.4323593826308
0.388353101880953,58.3936674536039
0.614963106040083,69.6713647350147
0.68815073826898,99.4249942614412
0.68216731060864,74.1693929008754
0.788504083796638,89.9519665806465
0.538039224862806,58.7526720537094
0.559911620051204,67.4745279080413
0.626421246750484,80.3735114279207
0.752158116055731,57.0453891996299
0.554004313956101,88.562576804144
0.544833573456337,76.7220175778263
0.586631312336949,78.1423881454206
0.380880367516374,55.0145757058289
0.696066053225045,97.6479011912865
0.69152749970467,51.1448226519394
0.582295827139446,50.4012781171416
0.504495711742741,51.5988550194498
0.768256576985104,70.6950008815888
0.788854688170799,69.0764521549253
0.784698960711683,95.0426529217062
0.447323173268805,62.9233731062397
0.698403827644419,61.31392850844
0.691671092364597,78.5061370014211
0.610190151297419,70.1626014856273
0.638680996259883,80.0501465055176
0.633215405413899,77.980974633591
0.664136121063988,81.4237855135354
0.61272269134298,77.8657702883018
0.563798988417325,50.1978351125715
0.562492740257452,65.1991568733277
0.606379117756772,64.9524286757752
0.767779807512718,79.4184090707645
0.413296401531599,86.775612523302
0.563144451379062,86.2235328696668
0.523428366392254,86.4628356646009
0.755231689740683,89.6661691662356
0.733048449896084,64.1170764660782
0.650756124351356,99.6677163390467
0.436672350227002,51.4832186097632
0.496719820936104,85.2635141137227
0.623948786666553,71.0750398359477
0.737359001851974,65.9612952499614
0.711280604951278,78.1674721159282
0.482776103963773,61.381015790517
0.756336888601773,87.5863133047526
0.713519336682959,98.9314516801334
0.466159748456849,60.9157449893313
0.734393581646924,53.3877616050538
0.533959856426444,62.6538661182015
0.648134816348494,70.4782120917508
0.421920476159823,56.3396352298813
0.471158994328205,68.5385035004361
0.51760034231138,62.3815736333013
0.525025152471376,88.4632123876689
0.456885239884215,80.1334625506411
0.620677364208342,62.9986976499634
0.629928915913836,54.8153131270987
0.613697861359553,65.3617920043218
0.803495819748003,99.339498314322
0.688569693116529,51.9477255465123
0.499370833905365,52.3959258738498
0.52179035136975,59.9779917997389
0.685074747725985,54.6167452536776
0.690758601537377,74.9716575168096
0.677510036819996,76.0522046232516
0.669100058542624,90.2209534753084
0.616755844741951,53.1187211245739
0.530407961794717,88.6762538264866
0.679319679422781,74.6282286316222
0.535343128736412,82.7039588305247
0.55349299651093,82.1896495453938
0.658426250236671,61.4828542928232
0.464780009118744,80.0901097784516
0.578075105705811,51.5404351538026
0.596267119107634,69.0865498995141
0.465257589096017,67.5582005276377
0.468400899172911,78.1312148346107
0.613548976092346,80.0538313489237
0.586614941863359,72.7961148639683
0.615615978865901,60.7018414768211
0.610285326867923,55.3790721017974
0.739839496834743,96.6267245820597
0.687476761802707,87.997686884249
0.324323763270563,75.1369982962043
0.358474647259876,63.8166001865725
0.718118920069144,66.3146213858262
0.675393890537003,53.78369284371
0.682351951216547,80.6146629796794
0.735020529344188,56.8583866016706
0.64828652706194,61.2939942299797
0.589424748174032,63.3282424197151
0.57527400304507,83.0559267812097
0.31121476404837,58.7783961035033
0.687202696115738,97.4877314526913
0.688596864880692,80.8578731496791
0.818710072941183,87.0708605780982
0.678788630123096,86.7444273328075
0.686122722375841,61.8692217703123
0.47144878133456,75.2349538359174
0.657070619108626,87.5062769357572
0.609332242971477,93.9156490557025
0.68204689163154,65.2907122786871
0.701771737213591,83.2056434859414
0.590157372572178,56.0368370771519
0.530425808101617,65.3285683437603
0.672511823038415,77.558359033569
0.563095712451018,74.4745140581093
0.779774729747478,62.4254595656686
0.682346118397392,62.4776859997493
0.601686919090875,55.4232778476483
0.442409144349276,52.2305740355627
0.511489661829106,76.8118935505327
0.606908167919037,53.9955226127541
0.584315056613798,73.4986982770162
0.629329436325385,91.3211807909672
0.728714520662211,93.1471146428143
0.7029743855355,67.5733412885015
0.373428478124229,51.3292116774082
0.647246365053699,59.1802264270971
0.7005387303187,90.7999783865468
0.653303866313274,92.1510548924313
0.759012316658015,82.2583263758115
0.632774716145271,66.5462586045325
0.738565314023579,97.1251661231559
0.539571222180378,52.1693813501268
0.75571751524793,85.2611257747607
0.666676964273826,64.2038917257368
0.654625046635706,83.6422556085275
0.677628953552292,81.2575365262483
0.769731563219319,81.8548673609969
0.696887229812114,124.592938029153
0.724765803741316,178.480913813177
0.788353423442849,158.792982042384
0.790390401358051,177.605543138885
0.567299204515997,132.725956797761
0.437860514396595,110.985114029
0.834258174518256,150.912091978131
0.640062055823653,114.717240361565
0.578776314698506,155.185181707858
0.868993443366744,162.510473868052
0.787323283444479,121.420814919238
0.821050143995391,121.53463367528
0.67304262353769,114.745801613176
0.72580656276875,107.770607679502
0.703516300736354,127.269118067069
0.830591878388889,185.806930326972
0.72334631639225,195.755950395333
0.817423577129122,168.059588512576
0.731820350507731,128.80894771713
0.799852013525199,175.191509412953
0.585668406630175,124.662595693811
0.549182178397417,155.449406665486
0.822445727478924,147.622487547645
0.600646053216351,102.643031840279
0.856552975716893,163.497349965536
0.757446538430523,176.854793954467
0.752646498752438,108.284743606724
0.765593404321243,182.959247421172
0.691142154610821,120.154980714993
0.60930142177221,127.064962633191
0.711761236570863,102.32391872965
0.69763706017296,107.949813285865
0.74800370038874,100.74535200563
0.746247433526588,151.694380876326
0.718881792153569,143.103379794239
0.733264240684058,101.113301281432
0.849464127340785,153.557556063143
0.58153022864088,116.340903637263
0.784549941088579,122.721394555975
0.748903194082274,167.75482038343
0.659890014401938,166.833712767097
0.731157887462226,127.085137799465
0.607557262509363,124.795563047543
0.556956481026015,169.722311276551
0.691348141714236,111.22536258288
0.758648379910011,197.254666469083
0.460351991326331,122.87583037729
0.700388030364164,134.124135209643
0.721368582686729,161.042245583398
0.736097796099768,189.250427340077
0.611132576552815,155.279853165932
0.599429944371558,141.787178519714
0.742786848591832,119.539042188855
0.67367350542437,104.732889702091
0.794372422046008,120.920772753345
0.761127303437738,190.668050218529
0.740847998491211,199.528253255531
0.7685858421537,150.464805397324
0.749749373783754,137.54566422668
0.663414576319616,181.120510891816
0.602424605072608,155.167025607652
0.759453481437255,142.375399274963
0.816382397250937,114.666106346184
0.6736253394086,128.284802730061
0.747993967968787,104.945587540966
0.565978133743386,157.000378515822
0.68075365432482,160.530721300357
0.740380456685036,106.316747757485
0.434361500178061,122.961235921342
0.73549952480042,153.774045762735
0.614098483348962,125.431004782453
0.713542786744916,140.108015913114
0.72886124703934,121.021083183894
0.686364880694485,164.007626789189
0.520058720513519,160.541362253699
0.652796524779169,148.199759605547
0.751026497571144,150.693098708111
0.73239475692143,172.26566017202
0.675030461044542,146.734295595991
0.618576591938275,136.130184484043
0.65851154912227,106.542124206029
0.733626409232216,105.661545588073
0.793626490177764,182.160312024648
0.724325558356122,124.716682912891
0.786960459208939,123.420702812603
0.605170368381506,105.641190964361
0.620234288740237,100.534558003333
0.631916670899238,108.737963857229
0.700768309395519,132.547041470448
0.79211284060503,150.722471951793
0.640285580308747,134.131292294816
0.543999661218525,112.698723695989
0.697993136054056,134.437613573196
0.695398445381578,144.506766979524
0.697172074740598,132.056919031921
0.778045007170566,174.836559446735
0.741190983465502,149.012901179013
0.620681389865775,143.401580352613
0.513613359404242,175.577143938226
0.604842346868281,156.479328626172
0.696394147284943,168.22146757106
0.75847092122464,193.687788854917
0.730826354568534,135.444031012333
0.525871853865038,173.68704145827
0.82317717283233,110.331395654091
0.760809264653103,179.024700346223
0.783477302389488,108.499107015538
0.787737248282728,173.579941511433
0.518030713971527,112.878941625897
0.644672783751679,116.554115969053
0.658446496824477,119.762560412533
0.702635260411342,155.800025009609
0.775062341307133,175.14425294948
0.658270403493244,143.889130013954
0.564202214931921,130.7903580934
0.728568855153565,132.96382137795
0.683119151895,115.783009367668
0.635434008292882,167.821941893883
0.777249919855163,169.524395210865
0.716577350851596,115.191106890429
0.654803139633037,194.087445732925
0.794721101848099,180.75479855825
0.525831202849146,107.549883600464
0.746693299921865,160.455556897987
0.79665011989805,117.236886145852
0.752228346251374,105.481505669495
0.819821008508526,121.19303299427
0.774978366201934,102.226162913947
0.831738037239077,176.268031481578
0.544154650778515,101.921445268762
0.727199885787866,116.872378115732
0.647462870326151,135.566007287236
0.777260535403093,135.645713218804
0.586434810458633,103.201440064458
0.751362766064064,175.346931199648
0.821064902861234,172.849353171875
0.678094391813165,140.545943849004
0.631579571715554,166.253590324753
0.485691938924553,101.45875098324
0.767188371015454,178.514779537624
0.77281321403131,151.699763889945
0.700669199966521,182.51310078969
0.56174153087322,153.675777444554
0.74660823789394,109.905769394438
0.683029853890985,184.335495198448
0.799462387053678,162.431281033844
0.76322235223439,189.34835680503
0.523463025212048,192.321967423693
0.793548122524585,154.119308888209
0.363653718309627,193.274028353392
0.764103179671761,117.248925108938
0.793304987365389,105.040133944426
0.66208053304452,129.338078790304
0.671335083286774,108.678930207728
0.850798400333971,189.422301748271
0.685295386298428,110.302014516458
0.813613602846262,186.776153609244
0.832155301217134,160.178348914447
0.810752664297438,158.763341813814
0.776979372466453,183.188262518403
0.734859312946816,167.672005883035
0.630455720181193,152.589515340538
0.522146891624342,105.07883231214
0.683685216556778,159.008447306449
0.639435516116469,142.211327172233
0.65527412634067,114.673318513794
0.647670894957414,120.95870888489
0.715212773207169,183.495241828773
0.638604287013038,130.029483357727
0.753113006167774,163.189909114191
0.787950410528903,135.918559403325
0.508811046251214,101.457624007415
0.66189370369521,107.778687363814
0.702403476791802,197.615378372443
0.800329014268594,158.584962412286
0.490729756006388,122.61323726548
0.724053632190253,104.369549987275
0.674518194661005,113.947451802583
0.728281921145372,118.50242511418
0.748835858631383,126.367811122376
0.801096484468486,190.892883866981
0.63857199714404,108.150704734907
0.733456535844634,149.10909497624
0.768682578520187,126.899596353742
0.754292571253628,126.230732841445
0.789580018598962,162.264720802928
0.525621635990094,101.475481122703
0.757014137561095,126.668305212068
0.65257036599355,133.099362758994
0.586663945274433,117.745589926918
0.691986013875848,102.854074658379
0.83485199500728,137.992890806834
0.684064712015049,111.832160246175
0.563296385033723,198.503818710123
0.702808354298542,112.824732707692
0.748356146523148,155.097313351262
0.781003086414064,144.161723250444
0.766792263585937,159.213862950394
0.539938009539625,127.454981986483
0.495690037451072,179.386735228787
0.688399529279205,159.941137542507
0.841866367968655,151.729553581171
0.764325596183174,148.166715249123
0.716151464923814,105.050962216897
0.720636963029434,156.051374416376
0.765052684902904,180.055294462258
0.823847358023109,166.419542883297
0.690223779032492,101.696578199714
0.597316413345446,123.81091994146
0.710965254300278,111.455941445225
0.778488578619787,164.682357428387
0.779611700899933,185.425058062255
0.630578637955005,161.357754701271
0.774809663718347,107.791112082779
0.825632379189535,141.84616789614
0.816950257753107,127.99143060679
0.763144018100939,165.186408391566
0.73688809343244,165.899069413334
0.745126578898239,165.733821528673
0.563337718439356,106.436552314527
0.686440254234785,172.118091907444
0.685282530354852,101.89058736398
0.775839661273756,119.01515365393
0.749426707905391,189.789305435315
0.730769326874623,121.844627748986
0.646621382932693,129.967701324385
0.796065325080977,175.961542547925
0.606609738064562,102.991098925944
0.786256789633287,117.69687421748
0.783827585226743,128.969261660973
0.742402162920106,146.357021259114
0.67593534761786,132.052261773346
0.69251046920559,131.783177782898
0.672083631097872,123.068201733611
0.729178898835826,190.98643025489
0.733322588982552,186.637250336599
0.772660601374318,127.447219462274
0.79504882768257,135.325353674376
0.734342286656902,123.796259338045
0.796786156467696,142.470373836828
0.508451706919852,131.602884006896
0.793105468635327,151.014355895383
0.669689261786239,184.358330452201
0.622026926037523,182.454547884619
0.745491517576421,128.540403316703
0.445468098686742,112.574426918202
0.763921415130971,117.81971854171
0.763392240271058,108.056395851738
0.772318880330585,167.304956377627
0.787617892680616,160.610356559141
0.792160671195975,136.596849821276
0.623492739827369,150.459105626708
0.687805480314237,104.956223296058
0.629635799075122,103.564525065055
0.472285969753432,116.451222480563
0.749782201569694,105.802931687267
0.723968064646857,160.647663558517
0.632893691296619,171.14988184964
0.822951927103357,113.081792307788
0.578318710734401,135.142939484634
0.597936510138045,178.96331599056
0.792436991975941,199.679754795793
0.837696180822171,144.622724488157
0.634428097014103,147.676872774073
0.48518884255835,150.001580513216
0.631684946594668,132.761254942188
0.723692766721905,165.501056336756
0.570029401512744,185.397595765189
0.666598246034926,123.243793060004
0.779858416916684,177.508309240698
0.797720254499263,184.113273442339
0.735759055151317,139.350157292169
0.775521308695765,188.290017149227
0.796645210703568,177.462640148069
0.710260708778222,124.437011006335
0.705315169217891,127.094016853478
0.654151290569767,151.243525302945
0.716172631130178,123.77310028798
0.812610301181949,131.148579003079
0.766808445606215,109.99943465032
0.741808166782377,180.006148465967
0.702580768300262,118.969667367755
0.710530908334026,101.014444307715
0.731361095060526,159.22210583166
0.72132008184527,116.079828191598
0.685059505081235,199.636222425988
0.670640960281692,104.535771536946
0.670877580859859,183.160501372656
0.663732571871622,109.713787980258
0.792742097723766,161.155945815555
0.7880648995828,183.744088462906
0.565840490205603,179.893982485497
0.662569566842045,150.0721587271
0.694461180626911,169.956854049956
0.678324309604829,112.132184161422
0.805762365843509,176.419093136216
0.667828202985694,116.105474487356
0.832682865685662,108.008417669307
0.587154047409617,100.65255786275
0.745974956344456,167.173960104432
0.571069541897048,196.063495641712
0.727391423747614,146.452946898695
0.760519082097973,122.291839378682
0.629455984030926,188.947467200953
0.712833017506716,190.738638432483
0.683374971640197,135.738236140559
0.7330064090282,107.614944102268
0.714312457010735,108.347861866918
0.739054084581982,158.369622832582
0.827371453799222,157.613205024813
0.659678304744974,111.935520207904
0.622731931513441,141.394319096284
0.846994675651817,180.539669110369
0.781465450415805,179.273322637836
0.729466025015549,193.800615592695
0.733567544040676,150.431932783058
0.830863297008474,154.909430707018
0.682051480674508,103.459162405524
0.781851566125556,193.245756575226
0.602499904414745,185.195560541203
0.723836045510675,144.959076554616
0.828410177873003,137.035513435034
0.769817175142047,184.56658803559
0.675334979319116,194.730112676753
0.580169869210192,101.312027686469
0.815131474617258,149.854222375843
0.540446331692186,180.869311951128
0.702356811397933,191.039213235825
0.683532071346956,124.774850582796
0.847198442889096,189.350635315618
0.674410877033027,171.737188693809
0.781049374425821,120.15493378811
0.706759779420359,104.018839973302
0.768330847669428,146.38888250512
0.770644544442338,165.611281123537
0.821422355440867,180.366075320225
0.725289523766639,116.416070983214
0.610599186967758,183.794103261182
0.591785277350825,123.788749277152
0.764767916370012,166.331908749107
0.744985550700912,162.593348876324
0.768823392982794,152.815330810171
0.720742132185764,120.55962366686
0.810154727127727,194.790088988482
0.790348746386648,151.700806762664
0.645978597649198,108.105343094461
0.722862681553341,141.875108494023
0.70340648084506,121.241128019239
0.666480847620561,132.535862949551
0.701164442961913,130.159014305429
0.588960692206226,106.681967073995
0.758331680253102,100.378062597376
0.657770619019684,181.765571756965
0.73291563426979,148.13368731755
0.778958568731121,124.239685111568
0.806626656039644,189.715483347761
0.705718330568907,168.519099025356
0.62915292476044,194.918446003185
0.750372633743087,142.158525405631
0.720913887153998,105.176604971505
0.684369926762829,144.881500073576
0.795527754754948,147.367106378932
0.799946244929254,129.099905260163
0.574766666378445,119.313906446661
0.69554891880508,114.844243442164
0.759471703083815,197.182107380203
0.526799977387022,151.345408546207
0.550510594028433,118.523394271447
0.585020827505694,117.980005564498
0.556376006785699,136.575462732742
0.722423067838428,104.501588705081
0.754826035895324,126.353905406147
0.824669673926449,181.3379774612
0.633390101455699,100.433356734012
0.609668223686175,130.457858866961
0.79723828408561,111.597990899256
0.73112118115255,119.379562768336
0.609484866425773,165.077612099036
0.664806809225491,116.725578117337
0.549370469554911,134.607677238893
0.831742090372203,172.330764333967
0.750959065727735,133.011932694485
0.838449173522797,112.838944648062
0.78081645250366,167.53352084196
0.567442285012251,171.105562471834
0.660558430521115,128.937249362379
0.589417235831482,100.9021280473
0.81527373614403,124.493660569392
0.555835763021841,103.448897579027
0.457499277957753,130.442687569431
0.760257694394434,111.25949012098
0.659553882703243,190.93314367936
0.730047812252066,180.856071198074
0.831002036412556,185.398665763091
0.740903396243095,131.013305120772
0.734381633557036,177.157913364992
0.824125586445636,164.860940485475
0.674772251154213,110.383411612167
0.680521737590563,132.405234225341
0.83393157753806,114.485796334388
0.686498783750003,152.2996912864
0.799082078630437,105.872069579395
0.709526992559414,109.716199693099
0.764854771018086,187.680838376482
0.851504973708259,162.672523367221
0.774723152753162,140.781678971572
0.73810253686796,146.690756418092
0.790075844529754,190.413532963516
0.707295187478563,132.0138436611
0.653681938208205,191.43587317404
0.763216917096476,184.982881704543
0.839510442231798,161.998291731525
0.743488371493692,167.875642810753
0.773992892529707,150.567554387665
0.648628539747477,116.229377771621
0.830027687406758,173.391758517684
0.755434878042165,111.08070930742
0.66981649943639,153.508967065432
0.607615979096726,136.918434634096
0.742565363742882,146.921996581098
0.634150066856007,194.103371746095
0.8009088329483,138.086951576185
0.809990448596926,164.477292095593
0.681847655682506,101.118793051039
0.783568593957311,127.18871591925
0.636117885449661,109.240712784992
0.637329714253919,123.934670302664
0.718548324408728,160.496775859002
0.735165535810431,135.318117233835
0.739562107482455,184.312338058371
0.811996041038447,158.929452239691
0.587904525148387,139.053277478897
0.69133374404131,161.125372457984
0.823109801605233,180.129173145689
0.74332477518961,184.843031163817
0.780087082931668,115.003446595083
0.794540486346476,162.590943998454
0.745179944484462,140.338454913077
0.660766322429143,106.621562702055
0.800490804381908,158.342201407542
0.668432535630074,177.99589891676
0.73466916029675,114.542224072623
0.714325510767879,124.174492725184
0.485153182726991,116.335997904591
0.747609275761027,135.335461803721
0.739452159979017,137.20997037148
0.590704386540661,140.69315551142
0.73947979180414,154.102877821017
0.674010331577098,100.326221788238
0.633057401528884,119.961037094155
0.686067248848284,196.688017674707
0.797493096885864,183.078928349289
0.743758389668977,147.666975145069
0.773738027971532,160.016512177469
0.643334656886943,111.096414547372
0.788236399228588,154.499666483088
0.746472220887657,197.812111261752
0.804299693971786,150.021070803832
0.634652028856915,168.393753751985
0.763296943948213,118.432215545093
0.824391268557807,153.290498134781
0.818712886779493,170.790108461848
0.71201931838685,119.138703572022
0.716953682208524,146.11656090626
0.814323358382218,142.855040283448
0.804904932840959,146.328783821335
0.632472863782985,123.491286439465
0.749890843788608,123.118343444572
0.747860662149274,113.715705979535
0.706646579593087,122.960048981202
0.709943410894775,105.539196603008
0.791393882902088,148.73265716318
0.81256394519234,106.526910159622
0.713582872584876,167.903951934065
0.783306341893498,194.598462710559
0.833473204721262,104.455719467939
0.754321164508981,110.118486379621
0.676486328038768,135.793905954995
0.793220755407483,183.944825421176
0.721620388907035,172.561362811005
0.549059444463927,122.08061349485
0.846858825492485,132.103238243014
0.613551023877321,199.878008223111
0.545699736984812,111.708855161691
0.666051482356377,176.284932256556
0.721683150979268,106.031942470283
0.829251211291312,199.723592528157
0.682448671461708,148.152288773268
0.699176965990236,120.246711112772
0.802109797228804,143.324479001903
0.727589916450377,167.478913016247
0.706738303919384,112.767488857504
0.744878106953888,136.553948958152
0.766300948298592,175.525738244967
0.665076139713216,113.024793986767
0.674109048212447,106.01430139137
0.810895302912226,188.634959898309
0.775489992500203,198.157622137126
0.772662159047424,172.776549882711
0.710376576606129,150.044966397946
0.798940717258525,280.058877673945
0.829762863436029,229.061831788389
0.839374642453934,473.564526337732
0.839951307524946,426.163614386953
0.826152304621461,217.864540064197
0.841649235727077,232.992592012356
0.735244097926202,412.22162057999
0.814645298555364,337.934065367834
0.771061499301303,267.268136539023
0.781111348220888,268.340024969336
0.834760145357765,443.261191656765
0.808390862336241,437.695170378408
0.800978854417087,379.682781879558
0.836530423635773,366.858713814505
0.757137903978341,341.322284038797
0.783488841183719,209.396318381781
0.694887195525121,297.785049320328
0.854191371342836,446.740405991175
0.818859064141204,323.958718042731
0.847777701068502,263.121637383964
0.85586804611136,422.363002176841
0.639337529970594,465.764176841204
0.754114253229065,261.501627618499
0.788036434238307,367.745190625901
0.763476543925436,297.434866531438
0.785982688732649,417.856011500312
0.756895729975283,324.648140720724
0.8204942100534,258.805572391985
0.712139368375796,233.288069791039
0.840201384118732,458.250695211633
0.805244343255184,351.730847189769
0.812340282508915,281.731177514631
0.862989244864065,378.865303364995
0.868164410815786,332.612755868188
0.794255930748268,322.487105230188
0.676468538110757,252.664243012051
0.78764350107219,355.007320809074
0.717996897147514,363.527063378046
0.737991297658603,213.132605819453
0.772260402801238,210.453614609057
0.864110255435303,387.169734877939
0.876800417964986,443.94522832462
0.801278868037345,411.047094650376
0.845161068829286,374.390140228337
0.73236180357076,297.153658161057
0.752706923854648,337.44750373717
0.828673897285154,203.849077316576
0.764026466252655,228.233012213255
0.853684560687461,218.251703617325
0.804394124637878,435.35883947265
0.796135668149041,269.258780923678
0.791651540048179,237.960692914412
0.819506374485574,463.16148301516
0.833721575323798,388.951949961642
0.810812154026954,261.806217052887
0.856542086236283,491.305265247167
0.673842916736601,292.286701297198
0.675862769693339,204.210055760282
0.709428426784614,200.161357317056
0.805916496453923,331.001092252879
0.709754052036932,396.415541640814
0.791148023873383,365.679268109518
0.802015455705613,281.056498167183
0.825876105902817,219.197953945906
0.838578667862927,346.566680865586
0.719019837031607,317.028579618626
0.800743387487143,221.012764553972
0.791434074311182,230.364408786921
0.816868875664952,376.664555918239
0.830880214725578,220.637892989087
0.711966404212479,204.956499800816
0.831449909921209,335.861255158067
0.754251774708702,307.162807590263
0.794456936306141,454.672754573873
0.777385008228829,336.038876044753
0.799839199155997,206.478922319262
0.759837058815516,217.637049506559
0.791343416438642,369.794920216976
0.784601466849981,402.232446526083
0.839089396596823,269.314150192987
0.791513750320701,419.653735888378
0.813917267241966,262.45338703535
0.772170853766778,219.150144657261
0.738929308814268,292.98516330402
0.66911339605844,279.19515463913
0.768937240576632,290.890660668815
0.818690496547704,408.563283913871
0.837596306887431,416.1443601031
0.861232627574628,237.249472104155
0.776039147414107,280.83194433229
0.817274831158849,332.524143382398
0.864102535365945,209.341570697157
0.797162530169818,272.917855614892
0.78759159462002,401.038110741238
0.79492118879318,321.116270082404
0.8166229841097,257.746349817279
0.842683806281373,231.405261573102
0.492705228971186,271.581196728803
0.770972116515057,328.196480165308
0.787511372284751,270.450569554861
0.787467842684387,274.908558757811
0.825013993670353,371.388444982818
0.843615263596605,291.716717801204
0.693387254057768,260.715682235025
0.760044091699232,218.509279717667
0.79424314463548,218.521510221304
0.732010691560011,242.159033360978
0.738975211747518,217.510576751127
0.858645259001852,419.250705506187
0.713848284638547,231.6424102618
0.843374039589108,261.218694166402
0.819208371376392,314.798391794756
0.869764664725109,444.805661369272
0.858195538452073,426.655021342643
0.853482620834314,342.575585956162
0.8490329143396,212.844222790078
0.823945462759652,293.207363564312
0.787403571693767,252.651347439774
0.826965069385409,307.41595901916
0.812375907787301,246.65822436386
0.758010382526144,278.752673076799
0.839715776417026,327.630009023858
0.800411868772127,475.793872566232
0.800108545257631,286.959059060812
0.810210562478649,216.552470581593
0.794596959891538,220.040193892459
0.847169102603643,412.542010876075
0.832783580231055,321.178878616565
0.805569135551497,370.808934655814
0.660506383193606,310.824816992228
0.767749597392396,479.232186464339
0.841556081735673,411.164906253626
0.717340013971918,237.578812781259
0.739090288476419,313.052270833459
0.793094542336433,220.879803173821
0.718856543650109,279.44946233085
0.822070699521055,369.441774926254
0.778080613140022,353.421220660219
0.838618754476188,447.600897776725
0.774084174070929,212.710967109995
0.847541596068043,343.447536508096
0.789853196716418,385.384067278632
0.770344662475486,258.842768865449
0.724171236124296,208.560998097851
0.684033476921303,216.414953784627
0.766272309975004,277.245650090364
0.681817023369411,357.470682327473
0.729046940217342,244.192702974954
0.797135733703824,294.83456526294
0.743853781918535,241.500429867747
0.64058649250035,477.864243985678
0.815169669331122,370.085943834093
0.804973448978502,283.153648741076
0.813704678764771,279.768105268486
0.670022294510327,361.981058949457
0.720440649746553,252.749446152551
0.813292554429875,271.580692493588
0.652562108858887,262.360012701409
0.740250681123278,429.000308802007
0.834608032272086,380.420801915969
0.84770731114334,420.406518449614
0.832971139416172,213.350183964121
0.778027481270076,313.281881837103
0.823740358286232,385.533670345781
0.764303611411683,273.879202738358
0.711356790520248,338.369576288831
0.864750302631349,423.201815864024
0.815764870191062,388.108608282265
0.838865522798111,267.455583266202
0.696597513202678,427.150128441592
0.833233888672367,475.472300883987
0.826003900819407,200.1882280076
0.806865908452647,352.794055533869
0.841138921348086,347.747619102077
0.793780871013168,448.944809327982
0.523719384676348,204.523527345693
0.834279605003393,416.657400725943
0.668425238680222,208.394990895613
0.785244588689769,497.872268198635
0.837863391652025,297.599142063977
0.63946796881852,237.026990897934
0.746854375567743,228.848860560943
0.85051054713112,234.604263381942
0.819755370340737,315.172943842189
0.820391461681747,415.41798693852
0.798908892858209,494.384938231061
0.818495890985279,298.628137252946
0.765136527729623,241.746269656629
0.853496563488488,423.915057413655
0.806733218472774,266.386500839466
0.852054216320801,224.708926953102
0.709389599957396,290.980303763595
0.746749561053378,304.483316358982
0.822175836420117,262.09556971899
0.778341774276662,279.714803096373
0.820952571715113,293.685604199619
0.811834793279934,300.717297129065
0.809293775740497,331.945527417482
0.79722243021799,322.077540877528
0.73570495303038,319.34489515553
0.716639623285245,207.231827504495
0.731560118149584,349.190651482857
0.768553196916587,242.657253207935
0.825680610156313,386.163254906294
0.827231392578199,461.020666430067
0.856684139845972,348.378021630491
0.725866889899912,359.676591976792
0.80706786325508,285.134868854469
0.850717118980791,485.564210916758
0.825675273249039,357.943175550861
0.752397378311157,206.489536819682
0.803926603723864,262.885205926029
0.805844264804672,278.357988333017
0.807813647615893,357.611378259408
0.853636171617566,340.105934520224
0.721944314926338,236.059037458443
0.749574844794305,255.003836033753
0.862880283848732,461.388681575121
0.850329603433322,208.138950236666
0.665504166134668,267.242333219044
0.745413033733062,261.391743408674
0.693816861535085,275.256092052821
0.687152745814739,338.70418735338
0.758841957034517,213.76583918212
0.730754909287543,240.140705056034
0.836402225310547,348.36672357366
0.701392247843626,242.073242560798
0.836617213804227,463.654782549226
0.864649057070575,329.744719060278
0.827512574533803,326.172282914281
0.84616538288199,476.816911496733
0.851865754024775,467.614423032964
0.872787974083215,479.925469236852
0.65000211859182,253.224086902239
0.773200299760679,217.980927872806
0.805218099537838,348.081265555974
0.658128907277061,204.586604172448
0.842243946744511,451.031846279018
0.796736270096897,461.342425364281
0.836646838249384,289.973954383484
0.7966281892965,444.775469278962
0.677835046763449,228.293111037379
0.783673006656361,380.225590291696
0.857948033084317,313.183895090089
0.788018141275932,445.21965854836
0.757210334049557,284.75250496039
0.858040993956556,355.298966309306
0.66334082858196,323.970340782769
0.862183506773289,217.060904918753
0.85025268805541,451.465708198883
0.745454045906288,432.328476146169
0.799800617103552,414.425912336384
0.764997063481748,284.167915630265
0.729589210799878,220.739512811833
0.759528926352762,322.289977617719
0.816958066900242,313.786745251549
0.846109298786986,205.756251992147
0.762206643052574,365.386062040923
0.872727781148756,489.12629781141
0.766104480202818,331.250891658832
0.715747604887601,240.322448884294
0.751370012932189,207.581922551426
0.708598831478682,215.371179157014
0.700940672084459,406.012431951656
0.79483224277441,263.734071181238
0.850563044467617,335.379305868181
0.803973712621377,322.45838856983
0.847323545804691,425.868994854135
0.823769452215111,384.931729084647
0.83941067557319,314.928131790421
0.772124047187515,220.441083238691
0.809100761845722,361.864325180617
0.878127950165517,483.455188726047
0.729608864265684,203.453969205986
0.852685386777299,395.24861145696
0.71341935984415,249.960747911355
0.800654564802127,474.095614924599
0.602977776101279,388.639021482969
0.835903875570203,330.314650323275
0.683846144525836,234.747843993485
0.399569278823523,360.947076986044
0.749596323983786,203.230845699981
0.796591811798281,241.270760206425
0.456942931180383,252.748314515943
0.763369731782529,337.68868726087
0.846188293805553,419.077522188687
0.854918351083192,442.056457482971
0.831877743183235,289.645165696117
0.860934657519754,296.784287808409
0.809606903118993,342.721258629573
0.758353641884956,208.520031734574
0.622451130758135,208.044314444775
0.808185302375503,348.558265269234
0.836987488503343,444.795367852586
0.842212689608199,414.913938510014
0.843056472131916,312.635428266677
0.874336603796098,269.306696171445
0.790003694427608,436.389274289025
0.793967766534489,304.102317391077
0.842113600020984,424.987654313533
0.703356756350586,202.070109336331
0.777551487415078,354.676990283995
0.762768956983115,234.85090572121
0.79794799744592,316.859743079422
0.61040726906077,253.11078943805
0.842286048734785,202.220392542454
0.749801967009261,489.947315263667
0.85103329264277,470.751266165072
0.837354978588622,477.993956958348
0.818261883010045,329.289285025029
0.741704738214479,201.140087811043
0.770422522877551,293.333101740736
0.750549534432025,339.136520176076
0.780560599584161,203.404580470256
0.762980906962826,306.964697178743
0.818541632019723,424.786336325967
0.781884890823912,379.827667290552
0.789106820155819,296.229889730486
0.81378341024926,288.650318513415
0.851819306180554,307.891634446796
0.805381006446549,298.841201708635
0.711324286762276,236.192684391526
0.834176073778199,270.598534359327
0.80600224786825,268.209819620197
0.787309744230952,490.949454528543
0.684711219661543,210.299874421097
0.849453546175435,273.802021265313
0.681583381342216,211.398253044195
0.755889930629641,314.453507634824
0.649873769984439,201.430135722062
0.787499599180626,322.285820932381
0.829198041550645,318.227619752399
0.878735143816269,363.268835485599
0.789731564553104,403.426921192901
0.859361481459988,338.366210736057
0.716242577829366,211.485602960326
0.789024024460173,315.858148800595
0.792560335341934,223.52166636223
0.645743480150062,246.98461846618
0.821167595317497,204.576867122971
0.767967969814504,377.99529002695
0.800709631611531,265.577079870051
0.805718769549129,331.524174722181
0.840584677226208,350.207249658347
0.813049416015951,310.036745750564
0.80854047631993,331.959934271117
0.739093556739401,263.606485593381
0.747160436437593,485.904415762947
0.726196579199471,304.568332236585
0.791896046586843,457.416009656212
0.605066542735131,214.734713704022
0.732038721051575,238.983427595266
0.842698209425303,391.826819918125
0.770724486375815,476.556301056605
0.831761579163142,226.014864427772
0.799121754602952,336.925212953566
0.809579663334531,239.604146626863
0.79539014415191,202.323992574809
0.763784803563105,207.397089534295
0.700278376818113,265.014170114907
0.809376631010101,405.370964519745
0.69428871943462,273.466029544995
0.808038130364868,240.923770891371
0.878297416213858,486.335633890629
0.840990067133831,396.382022341531
0.816687990100876,365.500898113218
0.744547202579518,233.603648148908
0.861119600438178,248.622725676968
0.782949367471009,371.886637940035
0.7526626222137,254.468801213617
0.82187546603924,315.347657087092
0.845870925500211,451.297545836261
0.771686925639483,337.567905606069
0.74884331090156,212.333124677046
0.840069690854136,481.776973722466
0.802372981122592,224.627119499807
0.771818196156735,282.018467904568
0.715087736724412,202.630534934491
0.783524085110006,215.135348745347
0.760491214451047,475.920951418696
0.798190072690773,422.754364336908
0.830418420002281,414.236422083033
0.806582645474794,433.91862736048
0.660977517183894,296.543205824074
0.665279310205136,276.926623489908
0.811430212527043,387.14596090065
0.819832754113173,360.043640898073
0.817851439982398,483.250381058481
0.84930506585413,213.776652496681
0.765262892347358,242.145519333016
0.773411963677246,283.281842831659
0.840082397250626,243.935154741931
0.853698765938697,426.054573986044
0.871086230474447,339.198064491861
0.750385846426399,263.707173453261
0.814703654822674,223.126023766679
0.796600994376442,479.471666050108
0.824730106803013,425.187318752889
0.795368487776783,212.858672495485
0.66182387744392,263.226463361804
0.858553092685881,356.013721337964
0.827030717273641,260.534895278712
0.781623501007391,214.003632458868
0.812575836289686,240.035206666703
0.707405876010636,468.949870826859
0.777692282375905,267.619470010845
0.748903201849788,260.623356459609
0.829691193447898,441.52958455218
0.740355835509969,262.423375578442
0.708966234549672,242.891587432397
0.655882390811824,231.487720899379
0.809202830711626,261.856386287296
0.70439679296797,242.609375198278
0.804201230155677,299.552546574801
0.782485032222916,229.527170032087
0.849530596586485,248.867215156977
0.772383486947182,415.538211016182
0.79166244495704,211.314876762927
0.749633901491858,459.486856165753
0.811845883779073,383.295555704079
0.828977603246826,340.554617915564
0.768663674810077,353.445622394984
0.806617877689065,324.350759950798
0.798310993846757,471.93847905032
0.804095399653473,222.402061077186
0.811680464249611,487.492524951805
0.789932280282421,417.492000169392
0.834573085749237,201.351755496045
0.856527710963058,482.360354486737
0.620398697514671,353.618432484179
0.754518496739648,392.374092211628
0.765135262603347,212.166874160215
0.809853037123861,377.902965599599
0.842452979090285,228.255146922292
0.705715356569349,269.45506135481
0.809094718398703,227.669323708473
0.807747333580255,341.020159289828
0.782192985479728,311.821976355705
0.765888186661865,444.299461449965
0.780082279806778,336.007523535457
0.670113502645823,363.250088012657
0.662302502176775,245.149872550819
0.860944789891674,445.555066997439
0.857823393430672,292.651196044939
0.766080740612852,229.96252176482
0.789087922360105,287.488908722713
0.858322776553561,332.86267872336
0.771581994240339,462.400732421831
0.830156653226642,313.911409012424
0.595151219842908,232.188512047198
0.804264343427844,391.381402717871
0.736637476828305,247.409403664293
0.855979988032294,476.290091572844
0.771940024505736,365.745594143268
0.818433447855817,383.632203427701
0.766798134473349,280.357554198842
0.830084196822203,404.795835103186
0.562517892598836,226.691929700927
0.837382903317576,429.942557939031
0.817640386070965,226.892683276071
0.793792827177226,330.15993151811
0.675440623830638,228.825911138371
0.783801118746853,239.059990502837
0.862839111442208,352.950052101414
0.780011040254628,265.978869961304
0.843897613520389,389.732694382751
0.781719630831501,233.731841772286
0.78413738927206,243.698134768968
0.747092390276432,221.704140031192
0.732871076133178,490.355755041169
0.780336855015041,286.285789981989
0.811358109727523,417.960299226531
0.825758083472334,435.025793864153
0.786701238508297,238.47726803128
0.817685758188072,429.096530698784
0.788124163049987,334.482659336574
0.859513091668212,223.603482043758
0.844914602663502,252.385821635828
0.806000212280063,246.363012738512
0.838426406455348,246.686894596641
0.801043378268068,391.708417815332
0.856933121490384,422.982231262809
0.766419020378239,283.034023838442
0.777918384747833,204.644537197769
0.849738039748534,330.77564975292
0.866840368769541,283.937295899709
0.711370663043255,273.977325507947
0.857795531949707,327.897184517144
0.838345754798472,307.830250614929
0.774884145688785,205.76347895755
0.717201329266771,333.49863303275
0.784470710034051,404.469048725638
0.830213821546729,355.338089707684
0.800145146515712,347.08279786846
0.774487541315798,249.322514744503
0.783187862335843,392.286136317995
0.75356286454348,300.12323783561
0.809385105110174,234.750847360235
0.70242969570806,380.152121091408
0.781915852845534,430.187188787595
